es-- MySQL dump 10.13  Distrib 5.7.27, for Linux (x86_64)
--
-- Host: localhost    Database: laravel
-- ------------------------------------------------------
-- Server version	5.7.27-0ubuntu0.19.04.1

/*!40101 SET @OLD_CHARACTER_SET_CLIENT=@@CHARACTER_SET_CLIENT */;
/*!40101 SET @OLD_CHARACTER_SET_RESULTS=@@CHARACTER_SET_RESULTS */;
/*!40101 SET @OLD_COLLATION_CONNECTION=@@COLLATION_CONNECTION */;
/*!40101 SET NAMES utf8 */;
/*!40103 SET @OLD_TIME_ZONE=@@TIME_ZONE */;
/*!40103 SET TIME_ZONE='+00:00' */;
/*!40014 SET @OLD_UNIQUE_CHECKS=@@UNIQUE_CHECKS, UNIQUE_CHECKS=0 */;
/*!40014 SET @OLD_FOREIGN_KEY_CHECKS=@@FOREIGN_KEY_CHECKS, FOREIGN_KEY_CHECKS=0 */;
/*!40101 SET @OLD_SQL_MODE=@@SQL_MODE, SQL_MODE='NO_AUTO_VALUE_ON_ZERO' */;
/*!40111 SET @OLD_SQL_NOTES=@@SQL_NOTES, SQL_NOTES=0 */;

--
-- Table structure for table `articles`
--

DROP TABLE IF EXISTS `articles`;
/*!40101 SET @saved_cs_client     = @@character_set_client */;
/*!40101 SET character_set_client = utf8 */;
CREATE TABLE `articles` (
  `id` bigint(20) unsigned NOT NULL AUTO_INCREMENT,
  `name` varchar(191) COLLATE utf8mb4_unicode_ci NOT NULL,
  `body` varchar(1000) COLLATE utf8mb4_unicode_ci NOT NULL,
  `chapter_id` int(11) NOT NULL,
  `created_at` timestamp NULL DEFAULT NULL,
  `updated_at` timestamp NULL DEFAULT NULL,
  PRIMARY KEY (`id`)
) ENGINE=InnoDB AUTO_INCREMENT=102 DEFAULT CHARSET=utf8mb4 COLLATE=utf8mb4_unicode_ci;
/*!40101 SET character_set_client = @saved_cs_client */;

--
-- Dumping data for table `articles`
--

LOCK TABLES `articles` WRITE;
/*!40000 ALTER TABLE `articles` DISABLE KEYS */;
INSERT INTO `articles` VALUES (6,'1','La organización estará a cargo de una Liga que se denominará A.R.B.F.I (Asociación Riojana de Baby Futbol Infantil), LA PARTE ADMINISTRATIVA SERA EJECUTADA POR LA ASOCIACIÓN  y se regirá de la siguiente manera:                                                    A) La asociación riojana de baby futbol infantil  será la encargada de fijar los Objetivos, Promover Organización y Dictar su Reglamentación Interna según lo acordado en la primera reunión celebrada el día de su creación                  ',1,'2019-06-10 23:08:29','2019-06-10 23:08:29'),(7,'2','Se pondrá a consideración el cobro de  un Bono Contribución de Admisión al Público bajo las siguientes cláusulas:\r\na) El precio del Bono Contribución será fijado en Asamblea de Delegados realizada a tal fin.\r\nb) Los ingresos por lo recaudado serán para la Institución que juegue de Local, salvo expresa indicación de la asociación a tal efecto.',1,'2019-06-11 00:19:03','2019-06-11 00:19:03'),(8,'3','Los Torneos serán Organizados Anualmente por la asociación y la Denominación del primer encuentro se realiza en el año  2012 a criterio de C.D, el cuál fue  \" TORNEO INTEGRACION”.',1,'2019-06-11 00:19:53','2019-06-11 00:19:53'),(9,'4','El arbitraje estará sujeto a las reglas y los aranceles serán determinados en común acuerdo y podrán variar de acuerdo a las circunstancias (eje.)Modificación de fixture',1,'2019-06-11 00:43:02','2019-06-11 00:43:02'),(10,'5','Los Torneos Organizados por ésta Liga serán disputados por Todas las Instituciones Asociadas, las cuales quedarán sujetas al presente Reglamento',1,'2019-06-11 00:43:42','2019-06-11 00:43:42'),(11,'6','Cualquier circunstancia que acontezca durante el desarrollo del Torneo y que no este prevista por esta Reglamentación, será resuelta por la Comisión Directiva y Tribunal de Disciplina de esta asociación, siendo su fallo APELABLE, dentro de las 72 Hs. Hábiles, por escrito, luego de haber conocido la Resolución.',1,'2019-06-11 00:44:42','2019-06-11 00:44:42'),(12,'7','CATEGORÍAS INTERVINIENTES:\r\nEn la realización del Torneo Amistad intervendrán OCHO (8) Categorías por cada Institución, a saber:\r\nCATEGORÍA \"A\" NIÑOS HASTA 6 AÑOS DE EDAD.\r\nCATEGORÍA \"B\" NIÑOS HASTA 7 AÑOS DE EDAD.\r\nCATEGORIA \"C\": NIÑOS HASTA 8 AÑOS DE EDAD.\r\nCATEGORIA \"D\": NIÑOS HASTA 9 AÑOS DE EDAD.\r\nCATEGORIA \"E\": NIÑOS HASTA 10 AÑOS DE EDAD.                                                                                                                                                         ',1,'2019-06-11 00:46:05','2019-06-11 00:46:05'),(13,'8','Las Categorías \"D-C-B-A-F-E\" jugarán en el orden indicado los días y horarios a determinar. Y las\r\n\"G-H-I- promoción también a determinar en reunión de delegados para tal fin.\r\nEl Orden de Juego de las Categorías mencionadas podrá ser modificado con acuerdo previo de ambas Instituciones y comunicado a ésta Liga, bajo Nota Firmada por ambos Delegados. No pudiendo hacerse más de 3 veces en el transcurso del torneo, consecutivamente o alternadamente.',1,'2019-06-11 00:47:19','2019-06-11 00:47:19'),(14,'9','DEL INGRESO\r\nLa Inscripción deberá Formalizarse por Nota a ésta asociación, siendo OBLIGATORIO presentar la cantidad de categorías  que se dicte en reunión de delegados.  Será obligatorio participar del Torneo Oficial para poder inscribirse en los Torneos adicionales y Arancelados.',1,'2019-06-11 00:49:59','2019-06-11 00:49:59'),(15,'10','DEL FICHAJE:\r\nA)  La Planilla de Inscripción se confeccionará por Duplicado y será subscripta por un Delegado y el técnico de Categoría ambos deberán ser Mayores de Dieciocho (18) años de edad. La citada Planilla será refrendada por el Sr. PRESIDENTE y el Sr. SECRETARIO de la Institución, y el TUTOR del jugador, en la misma se denominará a los Jugadores según la Categoría en que Intervengan. La misma tendrá carácter de Declaración Jurada.\r\nCada Equipo deberá contar con un máximo de DOCE (12) y u',1,'2019-06-11 00:52:29','2019-06-11 00:52:29'),(16,'11','Las Planillas de Inscripción deberán presentarse en la Secretaria de ésta Liga, en el día y hora que se fije a tal efecto, conjuntamente con los    (DNI y CONSTANCIA DE APTITUD FISICA) de todos sus Componentes. Se entiende por –DNI- a los siguientes: DOCUMENTO NACIONAL DE IDENTIDAD ambos con la correspondiente Fotografía del Nominado.\r\nUna vez controladas las Planillas, las mismas serán Firmadas y Selladas, entregándose el Original a la Institución para su presentación en la Mesa de Control ante',1,'2019-06-11 00:55:13','2019-06-11 00:55:13'),(17,'12','El Duplicado de la Planilla quedará en poder de la Comisión Directiva de la Liga a los efectos que estime corresponder.-\r\nEn la lista de buena fe deberá constar el domicilio real de los jugadores. Las Planillas de Inscripción deberán contener las referencias que en ella se solicitan, con un MINIMO de siete (7) jugadores y un MAXIMO permitido o sea Doce (12) jugadores, Autorizándose a completar esa cantidad antes de que se dispute la Tercera fecha. Estos comenzarán a jugar en la Cuarta fecha.',1,'2019-06-11 00:56:27','2019-06-11 00:56:27'),(18,'13','Para la Constitución de Cada Una de las Categorías se tendrán en cuenta que, la edad fijada debe ser cumplida en el año de Disputa del Torneo, tomando como Base el 1º de ENERO. Si la realización del Torneo del año respectivo se prolongara a los primeros Meses del año siguiente, igualmente los Jugadores estarán Habilitados.',1,'2019-06-11 00:57:08','2019-06-11 00:57:08'),(19,'14','DE LOS JUGADORES\r\nLos jugadores de todas las instituciones quedarán libres a partir de la finalización de los torneos que anualmente organiza A.R.B.F.I. En cualquier categoría podrá ficharse jugadores de la categoría inmediata\r\nanterior, en este caso y a todos los efectos se considerarán jugadores de la categoría en la que están fichados.\r\nSerán dados de baja automáticamente al finalizar la primera rueda los jugadores que no hayan jugado ningún partido durante la misma. En las mismas condiciones',1,'2019-06-11 00:58:14','2019-06-11 00:58:14'),(20,'','Al finalizar la primera rueda se realizará un REFICHAJE RESTRINGIDO conforme las instrucciones que imparta la liga a ese efecto.\r\nLos jugadores que al momento de este Re fichaje se encuentren fichados en una entidad, no podrán fichar para otra\r\nA los efectos del (Re fichaje) las Instituciones que lo soliciten deberán presentar una nota firmada por el Presidente, Secretario y Delegado General, indicando las altas y las bajas solicitadas y que las motiva',1,'2019-06-11 00:59:01','2019-07-25 02:07:25'),(21,'16','DEL REGISTRO DE JUGADORES;\r\nA los efectos de un estricto control la A.R.B.F.I posee actualizado, un registro de Jugadores el cuál se encuentra a disposición de las Instituciones participantes para su consulta.',1,'2019-06-11 01:00:21','2019-06-11 01:00:21'),(22,'17','DE LOS DELEGADOS GENERALES Y DELEGADOS\r\nLas Instituciones deberán designar un Delegado General y un Delegado General Suplente, que deberán ser personas mayores de 21 años de edad.\r\nDeberán designar también los delegados DE MESA Y TÉCNICOS DE CAT. Que consideren necesario para representar a la Institución en cada jornada. Estos delegados de mesa deberán ser personas mayores de 18 años de edad.\r\nSerán funciones del Delegado General representar a su Institución ante la Asociación y durante las jorn',1,'2019-06-11 01:02:36','2019-06-11 01:02:36'),(23,'18','En la fecha que indique la Asociación, cada entidad informará a la misma, mediante nota escrita en papel con membrete de la Institución y con la firma de su Presidente y Secretario, las personas designadas para desempeñarse como DELEGADO Gral., DELEGADO Gral. SUPLENTE, DELEGADOS DE MESA y TECNICOS acompañando a la nota correspondiente la planilla que indique la cat. , que al efecto entregará a la liga con los datos personales de los designados.\r\nLas Instituciones serán directamente responsables ',1,'2019-06-11 01:04:13','2019-06-11 01:04:13'),(24,'19','PLANILLA DE PARTIDO Y HABLITACION EN LA CATEGORÍA SUPERIOR;\r\nAntes de iniciar cada partido todos los jugadores deberán firmar la planilla de partido, y sólo podrán integrar los equipos de cada categoría los jugadores habilitados que hayan firmado la planilla antes del momento en\r\nque el arbitro dé por iniciado el encuentro. El jugador que no firmó la planilla antes de que el arbitro dé por iniciado el encuentro no podrá integrar su equipo, salvo que el mismo haya iniciado el encuentro con menos ',1,'2019-06-11 01:05:53','2019-06-11 01:05:53'),(25,'20','PLANILLA DE PARTIDO;\r\nLa Planilla de Control de partidos deberán completarse con todos los datos solicitados en la misma, el resultado del encuentro se deberá colocar en Número y Aclarado en Letras.\r\nLa confección incorrecta de la misma No dará lugar a reclamos por resultados de la institución infractora.\r\nToda información que se quisiera realizar, deberá hacerse por nota separada.\r\nEs obligatorio para los Sres. Delegados Generales, informar por nota toda anomalía que se produzca durante las jor',1,'2019-06-11 01:07:31','2019-06-11 01:07:31'),(26,'21','El Señor Delegado del Equipo Local es el encargado de entregar las Planillas de los Partidos con su información en la Sede de la Liga el día posterior a la fecha en disputa en horario designado por la C.D.\r\nSalvo jornadas suspendidas, donde el plazo será de 24 hs. hábiles a partir de la finalización de la Jornada.\r\nLa no presentación de las mismas en el término fijado se hará pasible, la primera vez a AMONESTACIÓN Y DE REINCIDIR A UNA SANCIÓN \r\nEl no retiro de cualquier tipo de Documentación har',1,'2019-06-11 01:12:20','2019-06-11 01:12:20'),(27,'','DE LA CONSTITUCIÓN DE LAS CATEGORÍAS;\r\nSe considerará equipo constituido al que presente al momento de inicio del partido como mínimo cuatro (4) jugadores, en las categorías que juegan con seis (6) jugadores, y tres (3) en la que juega con cinco (5) jugadores. En este mínimo no se contarán los jugadores de la categoría inmediata anterior que puedan subirse. El equipo que no complete el mínimo de jugadores antes referido al momento de iniciar el encuentro, perderá automáticamente el partido. Si ninguno de los equipos completa el mínimo, ambos perderán el partido.\r\nse podrá subir 2 jugadores de la categoría inmediata inferior , los cuales no podrán ser parte del encuentro de su categoría original.',1,'2019-06-11 01:15:33','2019-07-15 00:33:02'),(28,'23','PROHIBICIÓN ELEMENTOS QUE PUEDEN PRODUCIR DAÑO FISICO;\r\nNo podrán formar parte del Equipo aquellos niños que estén enyesados, debiéndose quitar los relojes, cadenas, pulseras anillos, o todo otro elemento que pueda ocasionar durante el juego algún daño físico, como así también los cuellos polares, comúnmente llamados cogoteras y aros o piercing.',1,'2019-06-11 01:18:12','2019-06-11 01:18:12'),(29,'24','Todos los Jugadores AFILIADOS, deberán poseer una Ficha Médica, la cuál será Extendida por el profesional designado por A.R.B.F.I ,O la institución a la q representa el Niño. Para tal efecto la Asociación Instará a las Instituciones a cumplir sin excepción con este art. , en caso de incumplimiento, los jugadores serán inhabilitados para jugar en las Categorías respectivas y es de responsabilidad absoluta de la Institución a la que representa el NIÑO.',1,'2019-06-11 01:20:32','2019-06-11 01:20:32'),(30,'25','Las Instituciones deberán, al comenzar la Temporada de actividades, verificar la asistencia a los  Establecimientos Educacionales. y si así no lo fuera poner en conocimiento a esta liga para solucionar el inconveniente y que el niño concurra al colegio.',1,'2019-06-11 01:21:09','2019-06-11 01:21:09'),(31,'26','DE LAS CREDENCIALES;\r\nAl oficializarse la Planilla de Inscripción, la Asociación hará entrega a la Institución de un carnet Plastificado de Identificación, de cada jugador que deberá ser renovado cuando la Liga lo considere conveniente. Este Carnet es necesario e imprescindible para Participar del Cotejo, y el Niño que no presente ésta Credencial en al mesa de Control no podrá participar del encuentro, aunque haya acuerdo de Delegados. Si esta anomalía ocurriera o fuera comprobada, serán sancion',1,'2019-06-11 01:22:34','2019-06-11 01:22:34'),(32,'27','DE LA MESA DE CONTROL;\r\nLa Institución que hace de local deberá colocar en un lugar destacado, una mesa, dónde funcionará la mesa de control. La misma será Presidida por un Delegado de la entidad Local que estará acompañado de un Similar de la Institución Visitante, sobre la misma se colocará el PRESENTE Reglamento de Juego Actualizado, Las Planillas de Inscripción de ambas Instituciones, el Carnet de los Señores Delegados de mesa, técnicos de Categoría, Ayudantes y de los Jugadores. Todas las I',1,'2019-06-11 01:23:59','2019-06-11 01:23:59'),(33,'28','Todas las Instituciones que hacen de Local deberán tener a disposición durante los encuentros un BOTIQUIN de Primeros Auxilios lo mas completo posible proporcionado por el LOCAL..\r\nLas Instituciones deberán estar afiliados a algún plan de EMERGENCIAS MEDICAS.',1,'2019-06-11 01:24:42','2019-06-11 01:24:42'),(34,'29','DEL CAMPO DE JUEGO;\r\nTodas las Instituciones deberán tener bien Marcadas las líneas del campo de juego, inclusive el Punto de Penal que se encontrará a 4 (cuatro) metros de la Línea de Fondo, y la distancia de los Tiros de Esquina a 2 (dos) metros de la línea lateral. Las Redes de los Arcos tienen que encontrarse en Buenas Condiciones. A partir del Año 2012 no podrá inscribirse ninguna Institución cuya medida de Campo de juego Mínimas sean menor a:                                                ',1,'2019-06-11 01:25:46','2019-06-11 01:25:46'),(35,'30','DE LAS INSTALACIONES DE LA INSTITUCION;\r\nTodas las Instituciones deberán contar con Vestuarios en Buenas Condiciones, como así mismo los Baños higienizados antes y durante de los partidos.              En los vestuarios donde se cambien los Niños, no podrán cambiarse ni ducharse personas Mayores mientras dure la Jornada Deportiva.',1,'2019-06-11 01:27:15','2019-06-11 01:27:15'),(36,'31','DE LA LIGA;\r\nLa Liga no se responsabiliza de posibles accidentes a los Participantes del Torneo, o de Extravíos de Prendas u Objetos Varios.',1,'2019-06-11 01:28:34','2019-06-11 01:28:34'),(37,'32','A medida que transcurra el Torneo, la Liga podrá cambiar Horarios de iniciación de los Partidos, cómo así también Fechas y Canchas, etc. si así los estimara conveniente.',1,'2019-06-11 01:29:03','2019-06-11 01:29:03'),(39,'33','Los Equipos podrán cambiar de Campo de Juego (local - Visitante) o de Escenario de común acuerdo entre las Instituciones, dejándose constancia que se efectúa el Cambio, Se deberá informar a la Liga en todas las ocasiones, por escrito y con la firma de ambas Instituciones.\r\nNo pudiendo hacerse mas de 3 veces en el transcurso del Torneo, consecutivamente o alternada mente. Asimismo se propicia a las instituciones tengan en cuenta las fechas de las comuniones que deberán informarse con el tiempo ne',1,'2019-06-11 01:30:46','2019-06-11 01:30:46'),(40,'34','La realización del Tercer Tiempo es OBLIGATORIA y se Realizará de la siguiente manera: al término del partido los Jugadores, tanto Locales como Visitantes, acompañado por su Delegado irán al Lugar que la Institución Local tendrá Habilitado con Mesa y Sillas, para compartir todos Juntos lo que se les sirva',1,'2019-06-11 01:31:20','2019-06-11 01:31:20'),(41,'35','La Institución Local tendrá que tomar todas las Medidas Correspondientes para que ninguna persona se coloque al lado de los Arcos o detrás de ellos, quiere decir que del poste a la raya que marca el Área Penal no puede ni debe haber nadie.',1,'2019-06-11 01:31:58','2019-06-11 01:31:58'),(42,'36','Los Jugadores cuando se encuentren en los Vestuarios tienen que estar acompañados por algún Delegado, quién será el responsable de los DAÑOS o INCIDENTES que ocurrieran en los mismos.',1,'2019-06-11 01:32:34','2019-06-11 01:32:34'),(43,'37','Las Reuniones de Delegados serán el dia y hora a determinar. Los únicos que tienen Reconocimiento ante la Liga para dichas Reuniones son: DELEGADO GENERAL y el DELEGADO GENERAL SUPLENTE; no siendo así para los Restantes. En todos los casos de Reuniones, Asambleas y/o decisiones de cualquier índole cada Institución tendrá Derecho a un solo Voto. En caso de hallarse presente Ambos Delegados Generales, votará el que represente a la Divisional Superior. La ausencia a la Misma hará pasible una AMONES',1,'2019-06-11 01:33:13','2019-06-11 01:33:13'),(44,'38','La Pelota a utilizarse en los Partidos la proveerá la Institución que hace de Local, teniendo la OBLIGACION de Presentar TRES (3) en Buenas Condiciones al Árbitro antes de comenzar la Jornada.',1,'2019-06-11 01:33:55','2019-06-11 01:33:55'),(45,'39','“COPA CIUDAD DE LA RIOJA”\r\nAnualmente la Liga organizará un torneo paralelo que se denominará \"Copa CIUDAD DE LA RIOJA\", que se regirá por el presente reglamento y las siguientes disposiciones particulares:\r\n\r\nA). El torneo se disputará por eliminación en partidos de ida y vuelta en la primera fecha y segunda fecha.\r\nB). semifinal y final se jugarán en cancha neutral a designar por la  A.R.B.F.I\r\nC). Jugará en el orden e que se juega el torneo oficial.\r\nD). Definición en caso de empate:\r\n\r\n1). S',1,'2019-06-11 01:35:43','2019-06-11 01:35:43'),(46,'40','(TARJETA VERDE)\r\nSe propicia la Institución del TROFEO FAIR-PLAY (JUEGO LIMPIO), que será otorgado por esta Liga a aquel jugador con más lealtad deportiva, tomando en cuenta todos los Torneos en que compita, este galardón será extensible a Instituciones, Dirigentes, Directivos, Delegados, Técnicos.',1,'2019-06-11 01:36:54','2019-06-11 01:36:54'),(47,'41','DE DESAFILIACIONES O VACIAMIENTO;\r\na) Toda aquella Institución que por iniciativa Propia solicite su desafiliación a esta Liga, solo podrá solicitar nuevamente su afiliación una vez transcurrido 1 (uno) año desde su retiro. La Comisión Directiva evaluará dicha solicitud y en caso de aprobarse su ingreso deberá hacerlo en la última Zona que se este disputando en ese momento, debiendo cumplir con todos los requisitos que se exigen a las Instituciones que se afilian por primera vez.\r\nEn casos espec',1,'2019-06-11 01:38:06','2019-06-11 01:38:06'),(48,'42','El TORNEO AMISTAD se regirá por el Reglamento vigente.\r\nEl TORNEO JUVENIL se regirá por el Reglamento de Juego vigente y podrá sufrir modificaciones con la aprobación de los delegados y en lo concerniente a las Sanciones por el Reglamento de A.R.B.F.I\r\nCOPA CIUDAD DE LA RIOJA: Se regirá por el  Reglamento vigente.\r\nTORNEO FEMENINO: se regirá por el reglamento vigente\r\nDE MAS TORNEOS, se regirá por el presente Reglamento y de acuerdo a las normas que se establezcan en Reunión de\r\nDelegados citada',1,'2019-06-11 01:42:58','2019-06-11 01:42:58'),(49,'43','Todos los fallos Deportivos y Administrativos de esta Liga pasarán por el Tribunal de Disciplina, quién será el instrumento para la aplicación de los mismos y el encargado de su archivo para los antecedentes publicación y ejecución de los mismos.',1,'2019-06-11 01:43:31','2019-06-11 01:43:31'),(50,'44','DE LA SUSPENSIÓN DE LOS PARTIDOS;\r\nEl arbitro deberá suspender la jornada en los siguientes caso:\r\nA). Cuando sea agredido físicamente.\r\nB). Cuando considere que existen razones que ponen en riesgo su integridad física.\r\nC). Cuando se produzcan hechos de violencia dentro del ámbito del Campo de juego o a su alrededor que a su criterio pongan en riesgo la integridad física de las personas.\r\nD). En todos los casos previstos en los puntos anteriores y siempre que sea posible, previo a la suspensión',1,'2019-06-11 01:44:52','2019-06-11 01:44:52'),(51,'45','DISPOSICIONES VARIAS;\r\nPor aceptación del presente Reglamento inhibe a las Instituciones Asociadas a esta Liga y/o Integrantes de las mismas a promover acción Judicial de ninguna Naturaleza.',1,'2019-06-11 01:45:55','2019-06-11 01:45:55'),(52,'46','La elección de los modelos de los Trofeos se efectuará en reunión de Delegados, siempre que sea un torneo arancelado.\r\nPara realizar la compra de los mismos se convocará a las Empresas a presentar muestras de acuerdo a las pautas de la Comisión Directiva, no aceptándose aquellas que no se ajusten a lo especificado, evaluando precios, calidad y solvencia de cada Empresa oferente.',1,'2019-06-11 01:47:11','2019-06-11 01:47:11'),(53,'47','La Liga se reserva el derecho de efectuar la verificación de Identidad de los Jugadores INSCRIPTOS por las Instituciones Asociadas los días de partido, IN SITU, debiéndose efectuar la misma por un miembro de Tribunal de Disciplina, un miembro de Comisión Directiva, el Arbitro actuante y el Delegado General del jugador de la Institución verificada, en caso de no permitirse efectuar la Verificación a la Comisión designada a tal efecto y con las formas debidamente llenadas, la Institución será ELIM',1,'2019-06-11 01:48:08','2019-06-11 01:48:08'),(57,'1','LOS CLUBES QUE NO SE PRESENTEN A DISPUTAR UN PARTIDO EN CUALQUIERA DE LAS CATEGORÍAS DE ÉSTA LIGA, TRES (3) VECES CONSECUTIVAS O ALTERNADAS, QUEDARÁN AUTOMÁTICAMENTE ELIMINADOS DEL TORNEO, COMO ASÍ TAMBIÉN DE TODA OTRA PARTICIPACIÓN EN LAS RESTANTES ACTIVIDADES DE LA LIGA, A SU VEZ SE LE APLICARÁ UNA SANCION DISCIPLINARIA, LA CUÁL SE DUPLICARÁ EN LA SEGUNDA Y ASÍ SUCESIVAMENTE, Y DEBERÁN HACERSE CARGO DE GASTOS OCASIONADOS POR SU FALTA.',2,'2019-06-12 02:17:40','2019-06-12 02:17:40'),(58,'2','LA LIGA HABRÁ DE EXIGIR DE AQUELLAS PERSONAS QUE ACTÚEN COMO DELEGADOS DE CATEGORIA, DELEGADOS Y DIRIGENTES, UNA CONDUCTA INTACHABLE Y UNA SÓLIDA MORAL EN TODOS SUS ACTOS',2,'2019-06-12 02:18:30','2019-06-12 02:18:30'),(59,'3','SIENDO ÉSTA ACTIVIDAD DE CARÁCTER AMATEUR, SE PROHIBIRÁ TODO INTENTO DE PROFESIONALISMO, QUE DE SER COMPROBADO SERÁ SEVERAMENTE SANCIONADO. Estará absolutamente PROHIBIDO el uso de ESTIMULANTES o de SUSTANCIAS que puedan ACRECENTAR el rendimiento Físico de los Niños, Con el riesgo que ello implica para su salud. El responsable que hiciera ingerir ESTIMULANTES a los Niños o incitase a su utilización, será  AUTOMÁTICAMENTE EXPULSADO de esta ASOCIACIÓN. Dando conocimiento a otras Ligas y a las Secr',2,'2019-06-12 02:26:19','2019-06-12 02:26:19'),(60,'4','EN VIRTUD DEL RIESGO QUE IMPLICAN, ESTARÁ ABSOLUTAMENTE PROHIBIDA LA UTILIZACIÓN DE ARTÍCULOS DE PIROTÉCNICA EN EL\r\nLUGAR DONDE SE DESARROLLEN LOS PARTIDOS Y REUNIONES EFECTUADAS POR ÉSTA ASOCIACION.',2,'2019-06-12 02:27:43','2019-06-12 02:27:43'),(61,'5','EL TRIBUNAL DE DISCIPLINA ESTARÁ FACULTADO PARA APLICAR LAS SIGUIENTES SANCIONES:                                                                                          APERCIBIMIENTO O AMONESTACIÓN                                                                                       SUSPENSION\r\nDESCALIFICADOR\r\nELIMINACIÓN\r\nDE ACUERDO A LOS HECHOS SEGÚN SU CRITERIO Y DE ÉSTE REGLAMENTO.\r\nQUEDARÁ AUTOMÁTICAMENTE SUSPENDIDO POR EL TÉRMINO DE 1 (UNA) FECHA EL JUGADOR QUE:\r\nA) ACUMULE 3 (TRES) AMO',2,'2019-06-12 02:29:47','2019-06-12 02:29:47'),(62,'6','3  Fechas)  EXPULSIÓN POR JUEGO BRUSCO CON PELOTA. (FOUL-DESDE ATRAS)\r\n 4  Fechas)  SEAN EXPULSADOS O ABANDONEN EL CAMPO DE JUEGO PROFIRIENDO PROTESTAS.',2,'2019-06-12 02:31:16','2019-06-12 02:31:16'),(63,'7','SERA SANCIONADO CON UNA SUSPENSIÓN DE (todo el torneo) CUANDO:\r\n A) se expulse POR AGRESIÓN VERBAL CONTRA ÁRBITROS, JUGADORES, DIRIGENTES Y/O PUBLICO EN GENERAL.-\r\nB)  AGRESIÓN FÍSICA A UN ADVERSARIO O COMPAÑERO.-\r\nC)  AGRESIÓN FÍSICA A ÁRBITROS, DELEGADOS DE CATEGORÍA, DIRIGENTES Y \\ O PUBLICO EN GENERAL.\r\nD) CUALQUIER TRANSGRESIÓN A ESTE REGLAMENTO, QUE NO ESTE EXPRESAMENTE ESTABLECIDO, SERA ANALIZADA CUIDADOSAMENTE\r\nPOR EL TRIBUNAL DE DISCIPLINA, DE ACUERDO AL HECHO, Y SU RESOLUCION NO SE APA',2,'2019-06-12 02:33:28','2019-06-12 02:33:28'),(64,'8','SERÁN APERCIBIDOS, AMONESTADOS O SUSPENDIDOS PARA ACTUAR, LOS QUE NO CUMPLAN CON LOS DEBERES ESTIPULADOS EN LOS REGLAMENTOS DE ESTA LIGA',2,'2019-06-12 02:34:28','2019-06-12 02:34:28'),(65,'9','SERÁN SUSPENDIDOS O ELIMINADOS, CUANDO CON SUS ACTITUDES CONTRIBUYAN A LA CONCRECION DE INCIDENTES O COLABOREN AL AGRAVAMIENTO DE LOS MISMOS',2,'2019-06-12 02:35:36','2019-06-12 02:35:36'),(66,'10','SERÁN ELIMINADOS CUANDO SE COMPRUEBE QUE POR SU CULPA SE PRODUZCAN SANCIONES INMOTIVAS A JUGADORES, DIRIGENTES, O INSTITUCIONES. \r\nSANCIONES A LOS DELEGADOS, DELEGADOS DE CATEGORÍA, AYUDANTES Y COLABORADORES\r\nEL GRADO DE LAS SANCIONES QUE SE APLICARAN PODRÁN SER, POR LA GRAVEDAD DE LOS HECHOS LAS SIGUIENTES:\r\nAPERCIBIMIENTO O AMONESTACIÓN\r\nSUSPENSIÓN o ELIMINACIÓN',2,'2019-06-12 02:36:44','2019-06-12 02:36:44'),(67,'11','SERÁN SANCIONADOS CON SUSPENSIÓN DE 1 (una) Fecha:\r\na) SEAN INFORMADOS O EXPULSADOS POR EL SR. ÁRBITRO DEL ENCUENTRO.-\r\nb)  LOS QUE SEAN EXPULSADOS POR ÉL ARBITRO A RAÍZ DE GESTOS FUERA DE LUGAR O MUESTREN VEHEMENTE DISCONFORMIDAD CON SU actuación',2,'2019-06-12 02:38:15','2019-06-12 02:38:15'),(68,'12','SERÁN SANCIONADOS HASTA CON SU ELIMINACIÓN, DE ACUERDO A LOS INFORMES RECIBIDOS Y LA INVESTIGACIÓN DE OFICIO DE ESTE TRIBUNAL:\r\na) LOS QUE IMPIDAN, POR LOS MOTIVOS SEÑALADOS EN ÉL ARTICULO ANTERIOR LA CONTINUACION DE LA JORNADA O ENCUENTRO DEPORTIVO.-\r\nb) LOS QUE REINCIDAN EN LAS FALTAS PENADAS EN EL ART.10º. -\r\nLOS ELIMINADOS NO PODRÁN PARTICIPAR DE NINGÚN EVENTO QUE LA A.R.B.F.I REALICE',2,'2019-06-12 02:39:14','2019-06-12 02:44:32'),(69,'13','EL INCISO d) DEL ARTICULO 12º PODRIA DAR RECLAMOS POR CREERLO DE RAIZ INCONSTITUCIONAL. EL RECLAMO SE BASARIA EN QUE LA LIGA NO TIENE FACULTAD PARA PROHIBIR EL INGRESO, DE UN INDIVIDUO A UN LUGAR DETERMINADO, O EL LIBRE TRANSITO POR LOS ALREDEDORES DE UN LUGAR TAMBIEN DETERMINADO.                                                                                                                         LA DEFENSA DEL ARTICULO SE BASA EN LOS ARTÍCULOS 10, 11 Y 12 DEL CAPITULO II DE LA LEY Nº 23.184 R',2,'2019-06-12 02:41:01','2019-06-12 02:41:01'),(70,'14','EL GRADO DE LAS SANCIONES QUE SE APLICARAN PODRÁN SER, POR LA GRAVEDAD DE LOS HECHOS LAS SIGUIENTES:\r\nAPERCIBIMIENTO – AMONESTACIÓN\r\nSUSPENSIÓN\r\nELIMINACIÓN\r\nESTARÁN SUJETOS A LAS DISPOSICIONES DE LOS ARTÍCULOS Nos.9-10-11-12-\r\nDE ESTE CÓDIGO DE PENAS DEL PRESENTE REGLAMENTO, PREVISTO PARA DELEGADOS Y COLABORADORES',2,'2019-06-12 02:43:38','2019-06-12 02:43:38'),(71,'15','SERÁN ELIMINADOS LOS QUE ADULTEREN O APRUEBEN LA ADULTERADOR DE LA IDENTIDAD O FALSEEN DECLARACIÓN DE DATOS EN FICHAS O CARNET DE JUGADORES O BIEN REMPLACEN POR OTROS A JUGADORES LEGALMENTE HABILITADOS, POR SER RESPONSABLES DEL ESTRICTO CONTROL DE LOS MISMOS.',2,'2019-06-12 02:46:28','2019-06-12 02:46:28'),(72,'16','SANCIONES A LAS INSTITUCIONES;\r\nLAS INSTITUCIONES SERAN RESPONSABLES DE LA CONDUCTA OBSERVADA POR LOS INTEGRANTES DE SU PROPIA PARCIALIDAD EN\r\nLOS LUGARES DE JUEGO (CAMPOS, GIMNASIOS, ETC.), SUS ANEXOS Y ALREDEDORES.- LAS FALTAS AL PRESENTE REGLAMENTO se procederán a la suspensión de la fecha en disputa y se jugara sin público el día y hora a determinar por el tribunal.\r\nArt.29°bis) la sanción dictada el Art. 29° se aplicara en la rueda en juego hasta finalizar la misma y se hará extensible si s',2,'2019-06-12 02:47:56','2019-06-12 02:47:56'),(73,'17','LAS INSTITUCIONES QUE ACTÚEN DE LOCAL, ATENDERÁN DE LA MEJOR MANERA POSIBLE A LOS VISITANTES, AGOTANDO LOS MEDIOS PARA QUE CADA ENCUENTRO SEA UNA VERDADERA MANIFESTACIÓN DEPORTIVA',2,'2019-06-12 02:48:58','2019-06-12 02:48:58'),(74,'18','LA INSTITUCION QUE PROMUEVA INCIDENTES, ALTERE EL ORDEN O IMPIDA EL NORMAL DESARROLLO DEL ESPECTACULO, SERA PENADA\r\nCON LA PÉRDIDA DE LOS PUNTOS EN JUEGO.\r\nEN CASO QUE AMBAS INSTITUCIONES SEAN RESPONSABLES DE LOS HECHOS MENCIONADOS, NO SE LES ADJUDICARA NINGUN PUNTO\r\nCUALQUIERA SEA EL RESULTADO QUE SE REGISTRE A LA NACIONALIZACIÓN DEL PARTIDO; TODO ELLO SIN PERJUICIO DE HACERSE ACREEDOR\\ES A\r\nLA SANCIÓN IMPUESTA POR EL ARTICULO SIGUIENTE, CUANDO LA GRAVEDAD DEL CASO, ASI LO ACONSEJARE.',2,'2019-06-12 02:50:34','2019-06-12 02:50:34'),(75,'19','LAS PENAS DE SUSPENSIÓN ABARCAN DESDE UNO A CUARENTA FECHAS EN CASO DE SER NECESARIO POR EL NUMERO DE FECHAS\r\nRESTANTES EN EL TORNEO, SE PROSEGUIRÁ APLICANDO LA SANCIÓN EN EL PRÓXIMO AñO',2,'2019-06-12 02:52:04','2019-06-12 02:52:04'),(76,'20','SE ELIMINARA A LA INSTITUCIÓN CUANDO SE COMPRUEBE SU CULPABILIDAD EN LA FALSA DECLARACIÓN EN LA FICHA DE SUS JUGADORES O PROCEDAN O ACEPTEN LA SUSTITUCIÓN DE UN JUGADOR POR CUALQUIER OTRO. SALVO CASOS ESPECÍFICOS QUE\r\nEVALUARA LA COMISIÓN DIRECTIVA.',2,'2019-06-12 02:53:17','2019-06-12 02:53:17'),(77,'21','LAS INSTITUCIONES SERAN RESPONSABLES DE LAS ACTITUDES DE SUS\r\nJUGADORES, DELEGADOS, DIRIGENTES Y COLABORADORES.-\r\nLAS FALTAS AL PRESENTE REGLAMENTO PODRÁN HACER AL O LOS\r\nINFRACTORES a su eliminación del torneo.',2,'2019-06-12 02:54:12','2019-06-12 02:54:12'),(78,'1','La Liga determinará con la Pelota que se Jugarán los TORNEOS.',3,'2019-06-12 02:59:01','2019-06-12 02:59:01'),(79,'2','La vestimenta que utilizarán los jugadores será la que se emplea comúnmente para la práctica del fútbol, o sea que las casacas, camisetas, pantalones cortos y medias deberán ser iguales en todos los componentes del\r\nEquipo, con excepción del Arquero que utilizará un buzo de color distinto la de la casaca de los Equipos. El Arquero podrá jugar con pantalones largos de gimnasia y color diferente, los demás jugadores NO, autorizándose el uso de calzas con color similar al pantalón. Se usará solamente calzado de zuela blanda o botín con tapones de goma, prohibiéndose todo otro tipo de calzado aún en canchas de piso de tierra.',3,'2019-06-12 03:00:02','2019-07-12 03:01:23'),(80,'3','Las casacas o camisetas, así como el buzo del Arquero deberá lucir en la parte posterior, un número de Identificación. Dicho número deberá ser anotado en la Planilla de Control del Partido, junto con el Nombre y Apellido de su Portador.\r\nEl no cumplimiento de esta disposición podrá dar lugar a la pérdida de los puntos en disputa',3,'2019-06-12 03:00:51','2019-06-12 03:00:51'),(81,'4','La duración de los Partidos será la siguiente para las cat.(B-C-A-D-E-F): 2 (dos) TIEMPOS de 20 (veinte) cada uno Cat.(A) Promoción 2(dos) tiempos de  minutos, y Juveniles 2(dos tiempos de 25 minutos y entre cada tiempo un 20 minutos descanso de 10 (diez minutos). \r\nENTRE PARTIDO Y PARTIDO EL TIEMPO NO PODRA EXCEDER DE 10 (DIEZ) MINUTOS, SIENDO RESPONSABLE DE LO MISMO LOS SRES. DELEGADOS Y EL SR. ARBITRO. ASIMISMO EL SR. ARBITRO NO PODRA PARAR EL CRONOMETRO Y DEBERA JUGAR 20 MINUTOS NETO DE TIEM',3,'2019-06-12 03:02:37','2019-06-12 03:02:37'),(82,'5','DE LA PRESENTACIÓN DE CATEGORIAS;\r\nEl horarios del Primer partido será determinado en reunión de delegados realizada para tal fin en la que también se pondrá a consideración la tolerancia que regirá en cada jornada.\r\nCuando un equipo no tenga la categoría constituida de conformidad con el art. 22 de este reglamento a la hora de inicio del encuentro, se considerará categoría no presentada, se le dará por perdido el partido (2 a 0) y se le amonestara a la institución y de ser reincidente se aplica',3,'2019-06-12 03:04:17','2019-06-12 03:04:17'),(83,'6','En caso de mal tiempo, los Partidos deberán suspenderse antes de las 12 (doce) Horas, previa comunicación Telefónica a esta ASOCIACIÓN o a los teléfonos que la misma habilite para tal efecto. Los Partidos programados en gimnasios cerrados no se suspenden.',3,'2019-06-12 03:04:57','2019-06-12 03:04:57'),(84,'7','Cuando uno o más encuentros se suspenden total o parcialmente por LLUVIA o cualquier otra causa ajena a los Equipos, él o los mismos deberán disputarse ANTES DE QUE SE JUEGUE LA PRÓXIMA FECHA siendo esto de carácter obligatorio',3,'2019-06-12 03:05:36','2019-06-12 03:05:36'),(85,'8','CAMBIOS DE JUGADORES DURANTE EL PARTIDO;\r\nDurante los Partidos del Torneo, se permitirá \"CAMBIOS LIBRES\".                                                                                                                                                                                      A) (NO) es obligatorio que todos los jugadores fichados jueguen el encuentro.                                                                                                                                        ',3,'2019-06-12 03:08:45','2019-06-12 03:08:45'),(86,'9','IGUALDAD DE PUNTOS;                                                                                            \r\nSolamente en caso de igualarse el Primer, Segundo o Tercer puesto en alguna de las Categorías, se aplicará el siguiente Procedimiento:\r\n\"A\" SI SON DOS LOS EQUIPOS\r\nSe jugará un Partido en cancha neutral que fijará la A.R.B.F.I, si persistiese el empate jugará un adicional de 10 (diez) minutos, divididos en 2 (dos) tiempos de\r\n5(cinco) minutos cada uno. De persistir el empate se defini',3,'2019-06-12 03:10:40','2019-06-12 03:10:40'),(87,'10','EL ARQUERO;   \r\nSi un jugador de Campo entrega Intencionalmente la pelota con los Pies a su Arquero, este deberá jugarla con el pie. No podrá tomar la pelota con la mano fuera de Área Penal cobrándose un lateral en favor del adversario a la altura de area  . EL SAQUE DE ARCO deberá efectuarse con la\r\nMANO SIEMPRE. Podrá hacer rebotar el balón en cualquier parte de su cuerpo para luego tomarla con la mano siempre que esto suceda dentro de los límites de su área, si el rebote se produce hacia fuer',3,'2019-06-12 03:12:58','2019-06-12 03:12:58'),(88,'11','TIROS LIBRES;\r\nLos Tiros Libres serán INDIRECTOS y se efectuarán TOMANDO CARRERA, entrando el balón en juego en el\r\nmomento que es tocada y se mueve. La Barrera se colocará a una distancia mínima de 4 ( tres ) metros. Cuando el tiro libre se efectúe dentro del Area Penal y la distancia entre la Pelota y la Línea de Gol sea menor, la barrera se colocará sobre la citada línea.\r\nTIROS DE ESQUINA (CORNER)\r\nLOS TIROS DE ESQUINA SERAN DIRECTOS Y EL EJECUTANTE PODRÁ TOMAR CARRERA ( GOL OLIMPICO ) Y LA ',3,'2019-06-12 03:14:14','2019-06-12 03:14:14'),(89,'12','SAQUE LATERAL;\r\nEl saque Lateral, deberá efectuarse con ambas manos, desde atrás de la cabeza, con los 2 (dos) pies apoyados en el suelo y  El Ejecutante podrá introducir la Pelota dentro de su área, Y TAMBIEN EN LA DEL ADVERSARIO.\r\nNingún jugador podrá obstruir el saque lateral, el mismo deberá ser efectuado con total libertad, los jugadores del bando contrario\r\ndeberán estar a 2 metros del ejecutante, caso contrario podrá ser amonestado por el Sr. Arbitro.',3,'2019-06-12 03:16:20','2019-06-12 03:16:20'),(90,'13','GOLES;\r\nSerán goles válidos cuando se obtengan de jugadas en cualquier zona del campo de juego , y  EN CONTRA desde CUALQUIER SECTOR DEL CAMPO DE JUEGO.\r\nSerá GOL válido el que se obtenga del tiro de córner en forma directa (GOL OLIMPICO. –\r\nSerá válido el gol de tiro directo desde el centro de la cancha cuando se inicie o reinicie el juego',3,'2019-06-12 03:17:16','2019-06-12 03:17:16'),(91,'14','TOQUE INTENCIONAL CON LA MANO;\r\nCualquier Jugador que interrumpa el Juego Tocando Deliberadamente la pelota con la mano será pasible a TARJETA AMARILLA, aún sin haber sido advertido\r\npor el Arbitro anteriormente, salvo en el caso del Arquero que quedará a criterio del Sr. Arbitro.',3,'2019-06-12 03:17:51','2019-06-12 03:17:51'),(92,'15','A partir del primer encuentro realizado por la ASOCIACIÓN es OBLIGATORIO el uso de canilleras y medias largas, quién no las usare \"NO PODRÁ JUGAR\", si se comprueba la falta de este elemento de seguridad será amonestado el técnico actuante  por el Sr. Arbitro.',3,'2019-06-12 03:18:33','2019-06-12 03:18:33'),(93,'16','Todo jugador podrá atarse las zapatillas dentro de la cancha sin que el árbitro detenga el encuentro.',3,'2019-06-12 03:19:33','2019-06-12 03:19:33'),(94,'17','El otorgamiento de la Ley de Ventaja queda a exclusivo criterio del Árbitro del encuentro. NO EXISTE EL RECURSO DE ULTIMO HOMBRE',3,'2019-06-12 03:20:13','2019-06-12 03:20:13'),(95,'18','El jugador que abandona el Campo de Juego sin causa debidamente justificada y sin autorización del Arbitro queda AUTOMÁTICAMENTE EXPULSADO, siendo el\r\nTribunal de Disciplina el que aplicará o no la sanción correspondiente de acuerdo a los informes recibidos. Se considera auto expulsión cuando el jugador se retira del campo de juego en disconformidad con alguna sanción del Sr. Arbitro, con alguna indicación de su Delegado de Categoría, o discusión con algún compañero, adversario o público.',3,'2019-06-12 03:21:14','2019-06-12 03:21:14'),(96,'19','Salvo lo dispuesto en el art. 17 de este capítulo, ante la lesión de un jugador, sea real o simulada, el arbitro detendrá el juego, el jugador será retirado\r\ninmediatamente de la cancha y el partido continuará normalmente. El jugador lesionado sólo podrá reintegrarse en el siguiente saque lateral. En el\r\nmomento en que el jugador lesionado es retirado del campo de juego, el árbitro puede autorizar su reemplazo por otro jugador.\r\nCuando se haya detenido el juego por lesión de un jugador, el mismo',3,'2019-06-12 03:23:13','2019-06-12 03:23:13'),(97,'20','En el Torneo Oficial los ascensos serán dos ( 2 ), salvo en casos especiales, evaluados por la Comisión Directiva, y los descensos serán dos ( 2 ),\r\ncorrespondiéndoles a los 2 últimos de la Tabla General Final para todas las zonas, salvo la última.',3,'2019-06-12 03:24:41','2019-06-12 03:24:41'),(98,'1','El respeto es una calle de dos vías, si lo quieres recibir, lo tienes que dar\r\nEs igual de importante respetar a los demás y que te respeten a ti.',4,'2019-06-12 03:31:28','2019-06-12 03:31:28'),(99,'2','Respétate a ti mismo si quieres que otros te respeten a ti\r\nPero no solo respetarse para respetar a los demás es esencial, sino que respetarse es necesario si queremos que nos respeten.',4,'2019-06-12 03:33:41','2019-06-12 03:33:41'),(100,'3','Nada de verdadero valor se puede comprar. El amor, amistad, honor, valor respeto. Todas esas cosas se tienen que ganar',4,'2019-06-12 03:35:45','2019-06-12 03:35:45'),(101,'4','““NI UNA MENOS””',4,'2019-06-12 03:39:47','2019-06-12 03:39:47');
/*!40000 ALTER TABLE `articles` ENABLE KEYS */;
UNLOCK TABLES;

--
-- Table structure for table `categories`
--

DROP TABLE IF EXISTS `categories`;
/*!40101 SET @saved_cs_client     = @@character_set_client */;
/*!40101 SET character_set_client = utf8 */;
CREATE TABLE `categories` (
  `id` int(10) unsigned NOT NULL AUTO_INCREMENT,
  `name` year(4) NOT NULL,
  `enabled` tinyint(1) NOT NULL DEFAULT '1',
  PRIMARY KEY (`id`)
) ENGINE=InnoDB AUTO_INCREMENT=7 DEFAULT CHARSET=utf8mb4 COLLATE=utf8mb4_unicode_ci;
/*!40101 SET character_set_client = @saved_cs_client */;

--
-- Dumping data for table `categories`
--

LOCK TABLES `categories` WRITE;
/*!40000 ALTER TABLE `categories` DISABLE KEYS */;
INSERT INTO `categories` VALUES (1,2005,1),(2,2006,1),(3,2007,1),(4,2008,1),(5,2009,1),(6,2011,1);
/*!40000 ALTER TABLE `categories` ENABLE KEYS */;
UNLOCK TABLES;

--
-- Table structure for table `chapters`
--

DROP TABLE IF EXISTS `chapters`;
/*!40101 SET @saved_cs_client     = @@character_set_client */;
/*!40101 SET character_set_client = utf8 */;
CREATE TABLE `chapters` (
  `id` int(10) unsigned NOT NULL,
  `name` varchar(191) COLLATE utf8mb4_unicode_ci NOT NULL,
  `created_at` timestamp NULL DEFAULT NULL,
  `updated_at` timestamp NULL DEFAULT NULL,
  UNIQUE KEY `chapters_name_unique` (`name`)
) ENGINE=InnoDB DEFAULT CHARSET=utf8mb4 COLLATE=utf8mb4_unicode_ci;
/*!40101 SET character_set_client = @saved_cs_client */;

--
-- Dumping data for table `chapters`
--

LOCK TABLES `chapters` WRITE;
/*!40000 ALTER TABLE `chapters` DISABLE KEYS */;
INSERT INTO `chapters` VALUES (4,'REGLA DE CONVIVENCIA','2019-06-12 03:30:03','2019-06-12 03:30:03'),(3,'REGLAS DE JUEGO','2019-06-12 02:57:42','2019-06-12 02:57:42'),(2,'REGLAS DISCIPLINARIAS','2019-06-12 02:09:18','2019-06-12 02:09:18'),(1,'REGLAS GENERALES','2019-06-10 23:00:31','2019-06-10 23:00:31');
/*!40000 ALTER TABLE `chapters` ENABLE KEYS */;
UNLOCK TABLES;

--
-- Table structure for table `events`
--

DROP TABLE IF EXISTS `events`;
/*!40101 SET @saved_cs_client     = @@character_set_client */;
/*!40101 SET character_set_client = utf8 */;
CREATE TABLE `events` (
  `id` int(10) unsigned NOT NULL AUTO_INCREMENT,
  `fixture_id` int(11) NOT NULL,
  `player_id` int(11) NOT NULL,
  `type` varchar(191) COLLATE utf8mb4_unicode_ci NOT NULL,
  PRIMARY KEY (`id`)
) ENGINE=InnoDB AUTO_INCREMENT=1131 DEFAULT CHARSET=utf8mb4 COLLATE=utf8mb4_unicode_ci;
/*!40101 SET character_set_client = @saved_cs_client */;

--
-- Dumping data for table `events`
--

LOCK TABLES `events` WRITE;
/*!40000 ALTER TABLE `events` DISABLE KEYS */;
INSERT INTO `events` VALUES (1,337,61,'Gol'),(2,43,27,'Gol'),(3,43,429,'Gol'),(4,43,430,'Gol'),(5,47,113,'Gol'),(6,47,470,'Gol'),(7,41,14,'Gol'),(8,41,15,'Gol'),(9,45,216,'Gol'),(10,45,216,'Gol'),(12,1,281,'Amarilla'),(13,1,284,'Roja'),(14,1,284,'Amarilla'),(15,1,286,'Amarilla'),(16,1,344,'Gol'),(17,1,344,'Amarilla'),(18,1,347,'Gol'),(19,1,347,'Amarilla'),(20,1,350,'Amarilla'),(21,17,291,'Amarilla'),(22,17,294,'Gol'),(23,17,473,'Gol'),(24,17,355,'Gol'),(25,17,355,'Gol'),(26,17,358,'Gol'),(28,15,163,'Gol'),(29,15,169,'Gol'),(30,39,97,'Gol'),(31,39,100,'Gol'),(32,39,103,'Gol'),(33,39,103,'Gol'),(35,31,151,'Gol'),(36,31,153,'Gol'),(37,31,153,'Gol'),(38,31,155,'Gol'),(39,31,155,'Gol'),(40,31,155,'Gol'),(45,7,78,'Gol'),(46,7,83,'Gol'),(50,23,87,'Gol'),(51,23,87,'Gol'),(52,23,90,'Gol'),(53,23,91,'Gol'),(54,23,91,'Gol'),(55,23,91,'Gol'),(56,23,91,'Gol'),(57,3,62,'Gol'),(58,3,62,'Gol'),(59,3,64,'Gol'),(60,3,481,'Gol'),(61,3,447,'Amarilla'),(62,3,544,'Gol'),(63,3,551,'Gol'),(64,11,4,'Gol'),(65,11,5,'Gol'),(66,11,5,'Gol'),(67,11,129,'Gol'),(68,11,503,'Gol'),(69,11,448,'Gol'),(70,11,448,'Gol'),(71,11,514,'Gol'),(72,19,35,'Gol'),(73,19,442,'Gol'),(74,19,548,'Gol'),(75,19,548,'Gol'),(76,19,548,'Gol'),(77,19,417,'Gol'),(78,19,419,'Gol'),(79,19,444,'Gol'),(80,19,444,'Gol'),(81,27,51,'Gol'),(82,27,51,'Gol'),(83,35,40,'Gol'),(84,35,486,'Gol'),(85,35,423,'Gol'),(86,35,423,'Gol'),(87,35,445,'Gol'),(88,35,445,'Gol'),(89,35,445,'Gol'),(90,21,393,'Gol'),(91,21,396,'Gol'),(92,21,397,'Gol'),(93,21,397,'Gol'),(94,21,398,'Gol'),(95,21,399,'Gol'),(96,21,401,'Gol'),(98,29,204,'Gol'),(99,29,205,'Gol'),(100,29,205,'Gol'),(101,29,208,'Gol'),(102,29,208,'Gol'),(103,37,189,'Gol'),(104,37,189,'Gol'),(105,37,189,'Gol'),(106,37,191,'Gol'),(107,37,191,'Gol'),(108,37,191,'Gol'),(109,37,191,'Gol'),(110,37,191,'Gol'),(111,37,193,'Gol'),(112,37,194,'Gol'),(113,37,194,'Gol'),(114,37,194,'Gol'),(115,37,194,'Gol'),(116,37,196,'Gol'),(117,37,196,'Gol'),(118,37,196,'Gol'),(120,5,405,'Gol'),(121,5,405,'Gol'),(122,13,226,'Gol'),(123,13,226,'Gol'),(124,9,319,'Roja'),(125,9,319,'Amarilla'),(126,9,489,'Gol'),(127,9,489,'Gol'),(128,9,364,'Roja'),(129,9,365,'Gol'),(130,9,366,'Gol'),(131,25,501,'Amarilla'),(132,25,560,'Gol'),(133,25,564,'Gol'),(134,25,566,'Gol'),(135,33,300,'Gol'),(136,33,300,'Gol'),(137,33,300,'Gol'),(138,67,353,'Gol'),(139,67,353,'Gol'),(140,67,353,'Gol'),(141,67,353,'Gol'),(142,67,354,'Gol'),(143,67,354,'Gol'),(144,67,355,'Gol'),(145,67,355,'Gol'),(146,67,355,'Gol'),(147,67,357,'Gol'),(148,67,358,'Gol'),(152,75,334,'Gol'),(153,75,335,'Gol'),(154,75,335,'Gol'),(155,91,15,'Verde'),(156,91,17,'Gol'),(157,51,346,'Gol'),(158,51,349,'Gol'),(159,53,78,'Gol'),(160,53,78,'Gol'),(161,53,78,'Gol'),(162,53,78,'Gol'),(163,53,78,'Gol'),(164,53,72,'Gol'),(165,61,503,'Gol'),(166,61,503,'Gol'),(167,61,503,'Gol'),(168,69,87,'Gol'),(169,69,90,'Amarilla'),(170,69,442,'Gol'),(171,69,442,'Gol'),(172,77,151,'Gol'),(173,77,152,'Gol'),(174,77,152,'Gol'),(175,77,153,'Gol'),(176,77,155,'Gol'),(177,77,155,'Gol'),(178,77,155,'Gol'),(179,77,155,'Gol'),(180,77,159,'Gol'),(181,77,51,'Gol'),(182,77,59,'Gol'),(183,77,575,'Gol'),(184,85,101,'Gol'),(185,85,102,'Gol'),(186,85,103,'Gol'),(187,85,103,'Gol'),(188,85,103,'Gol'),(189,85,44,'Gol'),(190,93,113,'Gol'),(191,93,113,'Gol'),(192,93,113,'Gol'),(193,93,470,'Gol'),(194,93,574,'Gol'),(195,93,574,'Gol'),(196,93,574,'Gol'),(197,59,365,'Gol'),(198,59,368,'Gol'),(199,59,368,'Gol'),(200,59,369,'Gol'),(207,71,393,'Gol'),(208,71,396,'Amarilla'),(209,71,398,'Gol'),(210,71,399,'Gol'),(211,71,399,'Gol'),(215,55,404,'Gol'),(216,55,404,'Gol'),(217,55,404,'Gol'),(218,55,405,'Gol'),(219,55,405,'Gol'),(220,55,405,'Gol'),(221,55,516,'Gol'),(223,87,195,'Gol'),(224,95,214,'Gol'),(225,95,216,'Gol'),(227,79,203,'Gol'),(228,79,203,'Gol'),(229,79,206,'Gol'),(230,79,206,'Gol'),(231,79,207,'Gol'),(232,79,207,'Gol'),(233,79,209,'Gol'),(236,63,225,'Verde'),(237,63,226,'Gol'),(238,63,231,'Gol'),(239,89,429,'Gol'),(240,89,430,'Gol'),(241,89,430,'Gol'),(242,89,431,'Gol'),(243,89,431,'Gol'),(244,89,431,'Gol'),(245,89,512,'Gol'),(246,89,308,'Gol'),(247,73,566,'Gol'),(248,57,448,'Gol'),(249,57,448,'Gol'),(250,57,453,'Gol'),(251,57,455,'Gol'),(252,57,514,'Gol'),(253,57,318,'Gol'),(254,57,318,'Gol'),(255,81,451,'Gol'),(256,65,419,'Gol'),(257,65,444,'Gol'),(258,65,463,'Gol'),(259,65,294,'Gol'),(260,65,294,'Gol'),(268,97,280,'Gol'),(269,97,280,'Gol'),(270,105,316,'Gol'),(271,105,316,'Gol'),(272,113,473,'Gol'),(273,113,490,'Gol'),(274,121,500,'Gol'),(275,121,501,'Gol'),(276,129,296,'Gol'),(277,129,297,'Gol'),(278,137,310,'Gol'),(279,137,311,'Gol'),(280,101,344,'Gol'),(281,101,344,'Gol'),(282,101,347,'Gol'),(283,101,347,'Gol'),(284,101,347,'Gol'),(285,101,348,'Gol'),(286,101,348,'Gol'),(287,101,348,'Gol'),(288,101,570,'Gol'),(289,109,363,'Gol'),(290,109,365,'Gol'),(291,109,606,'Gol'),(293,117,353,'Gol'),(294,117,353,'Gol'),(297,125,334,'Gol'),(298,125,334,'Gol'),(299,125,335,'Gol'),(300,125,337,'Gol'),(301,125,337,'Gol'),(302,125,339,'Gol'),(306,133,325,'Gol'),(308,141,15,'Gol'),(309,141,17,'Gol'),(310,103,66,'Gol'),(311,103,68,'Gol'),(312,103,405,'Gol'),(313,103,406,'Gol'),(314,103,527,'Gol'),(315,111,226,'Gol'),(316,111,226,'Gol'),(317,119,442,'Gol'),(318,119,442,'Gol'),(319,119,548,'Gol'),(320,119,548,'Gol'),(321,119,398,'Gol'),(322,119,399,'Gol'),(323,127,53,'Gol'),(324,127,205,'Gol'),(325,127,205,'Gol'),(326,127,206,'Gol'),(327,127,206,'Gol'),(328,135,189,'Gol'),(329,135,190,'Gol'),(330,135,190,'Gol'),(331,135,192,'Gol'),(332,135,193,'Gol'),(333,135,194,'Gol'),(334,143,24,'Gol'),(335,143,26,'Gol'),(336,143,216,'Gol'),(337,143,216,'Gol'),(338,143,220,'Gol'),(339,143,220,'Gol'),(340,99,76,'Gol'),(341,99,80,'Gol'),(342,99,80,'Amarilla'),(343,115,419,'Gol'),(344,115,463,'Gol'),(345,115,91,'Gol'),(346,115,93,'Gol'),(347,107,448,'Gol'),(348,107,448,'Gol'),(349,107,448,'Gol'),(350,107,448,'Gol'),(351,107,457,'Gol'),(352,107,457,'Gol'),(353,107,457,'Gol'),(354,107,457,'Gol'),(355,107,164,'Gol'),(356,123,152,'Gol'),(357,123,152,'Gol'),(358,123,152,'Gol'),(359,123,152,'Gol'),(360,123,153,'Gol'),(361,123,153,'Gol'),(362,123,155,'Gol'),(363,123,156,'Gol'),(364,123,158,'Gol'),(365,139,431,'Gol'),(366,139,113,'Gol'),(367,139,117,'Amarilla'),(368,131,426,'Gol'),(369,131,426,'Gol'),(370,131,426,'Gol'),(371,131,97,'Gol'),(372,131,99,'Gol'),(373,131,103,'Gol'),(374,131,104,'Gol'),(375,131,467,'Gol'),(376,131,467,'Gol'),(377,145,80,'Gol'),(378,145,80,'Gol'),(379,145,283,'Gol'),(380,145,283,'Gol'),(381,145,283,'Gol'),(382,145,283,'Gol'),(383,145,285,'Amarilla'),(384,145,600,'Gol'),(385,145,600,'Gol'),(386,145,600,'Gol'),(387,145,600,'Gol'),(388,145,600,'Gol'),(391,153,163,'Gol'),(392,153,164,'Gol'),(393,153,166,'Gol'),(394,153,166,'Gol'),(395,153,166,'Gol'),(396,153,167,'Gol'),(397,153,169,'Gol'),(398,153,318,'Gol'),(399,153,318,'Gol'),(402,161,87,'Gol'),(403,161,87,'Gol'),(404,161,91,'Gol'),(405,161,91,'Gol'),(406,161,93,'Gol'),(407,161,294,'Gol'),(408,161,294,'Gol'),(409,161,473,'Gol'),(412,169,152,'Gol'),(413,169,152,'Gol'),(416,177,101,'Gol'),(417,177,102,'Gol'),(418,177,102,'Gol'),(419,177,102,'Gol'),(420,177,103,'Gol'),(421,177,103,'Gol'),(422,177,103,'Gol'),(423,177,103,'Gol'),(424,177,300,'Gol'),(425,177,302,'Gol'),(428,185,117,'Gol'),(429,185,117,'Gol'),(432,151,344,'Gol'),(433,151,344,'Gol'),(434,151,346,'Gol'),(435,151,347,'Gol'),(436,151,349,'Gol'),(437,151,349,'Gol'),(438,151,350,'Gol'),(439,151,569,'Gol'),(440,151,569,'Gol'),(441,159,503,'Gol'),(442,159,598,'Gol'),(443,159,362,'Gol'),(444,167,35,'Roja'),(445,167,35,'Amarilla'),(446,167,548,'Gol'),(447,167,548,'Gol'),(448,167,604,'Gol'),(449,167,358,'Gol'),(450,175,616,'Gol'),(451,175,333,'Gol'),(452,175,333,'Gol'),(453,175,334,'Gol'),(454,175,335,'Gol'),(455,175,339,'Gol'),(456,175,339,'Gol'),(457,175,339,'Gol'),(458,175,339,'Gol'),(459,175,339,'Gol'),(460,183,324,'Gol'),(461,183,324,'Gol'),(462,191,24,'Gol'),(463,191,26,'Gol'),(464,191,26,'Gol'),(465,191,15,'Gol'),(466,191,15,'Gol'),(467,149,404,'Gol'),(468,149,404,'Gol'),(469,149,405,'Gol'),(470,149,405,'Gol'),(471,157,230,'Gol'),(472,157,230,'Gol'),(473,157,231,'Gol'),(474,157,232,'Gol'),(475,157,233,'Gol'),(476,157,455,'Amarilla'),(477,157,457,'Gol'),(478,165,393,'Amarilla'),(479,165,397,'Gol'),(480,165,398,'Amarilla'),(481,165,414,'Amarilla'),(482,165,417,'Amarilla'),(483,165,419,'Roja'),(484,165,419,'Amarilla'),(485,165,463,'Amarilla'),(486,173,205,'Gol'),(487,173,205,'Gol'),(488,181,190,'Gol'),(489,181,194,'Gol'),(490,181,195,'Gol'),(491,181,196,'Gol'),(492,181,451,'Gol'),(493,189,212,'Verde'),(494,189,214,'Gol'),(495,189,214,'Gol'),(496,195,78,'Gol'),(497,195,405,'Gol'),(498,195,405,'Gol'),(499,195,516,'Gol'),(500,195,527,'Gol'),(501,195,527,'Gol'),(502,195,527,'Gol'),(503,203,164,'Gol'),(504,203,169,'Gol'),(505,203,169,'Gol'),(506,203,169,'Gol'),(507,203,466,'Gol'),(508,203,224,'Amarilla'),(509,203,226,'Gol'),(510,203,226,'Amarilla'),(511,203,229,'Gol'),(512,203,231,'Gol'),(513,203,232,'Amarilla'),(514,211,87,'Gol'),(515,211,90,'Amarilla'),(516,211,91,'Gol'),(517,211,390,'Amarilla'),(518,211,396,'Gol'),(519,211,399,'Gol'),(520,219,151,'Gol'),(521,219,151,'Gol'),(522,219,152,'Gol'),(523,219,152,'Gol'),(524,219,152,'Gol'),(525,219,153,'Gol'),(526,219,153,'Gol'),(527,219,155,'Gol'),(528,219,155,'Gol'),(529,219,155,'Gol'),(530,219,155,'Gol'),(531,219,621,'Gol'),(532,219,207,'Gol'),(533,219,208,'Gol'),(534,227,100,'Gol'),(535,227,103,'Gol'),(536,227,103,'Gol'),(537,227,103,'Gol'),(538,227,467,'Gol'),(539,227,190,'Gol'),(540,227,191,'Gol'),(541,227,191,'Gol'),(542,227,193,'Gol'),(543,235,113,'Gol'),(544,235,113,'Gol'),(545,235,115,'Gol'),(546,235,117,'Gol'),(547,235,470,'Gol'),(548,235,214,'Gol'),(549,197,66,'Gol'),(550,197,66,'Gol'),(551,205,4,'Gol'),(552,205,4,'Gol'),(553,213,534,'Gol'),(554,213,534,'Gol'),(555,221,55,'Gol'),(556,221,55,'Gol'),(557,229,39,'Gol'),(558,229,39,'Gol'),(559,237,26,'Gol'),(560,237,26,'Gol'),(561,193,281,'Amarilla'),(562,193,285,'Gol'),(563,193,285,'Gol'),(564,193,600,'Gol'),(565,193,600,'Gol'),(568,201,609,'Gol'),(569,201,620,'Gol'),(570,209,293,'Gol'),(571,209,294,'Gol'),(572,209,294,'Gol'),(573,209,491,'Amarilla'),(576,217,560,'Gol'),(577,217,560,'Gol'),(578,217,560,'Gol'),(579,217,561,'Gol'),(580,217,566,'Gol'),(581,217,566,'Gol'),(582,217,567,'Gol'),(583,225,298,'Amarilla'),(584,225,301,'Amarilla'),(587,233,305,'Gol'),(588,233,305,'Gol'),(589,199,347,'Gol'),(590,199,347,'Gol'),(591,223,440,'Gol'),(592,223,440,'Gol'),(593,223,333,'Gol'),(594,223,333,'Gol'),(595,223,334,'Gol'),(596,223,334,'Gol'),(597,223,334,'Gol'),(598,223,339,'Gol'),(599,231,420,'Gol'),(600,231,421,'Gol'),(601,231,423,'Gol'),(602,231,426,'Gol'),(603,231,445,'Gol'),(604,231,445,'Gol'),(605,231,509,'Gol'),(606,239,429,'Gol'),(607,239,17,'Gol'),(608,207,448,'Gol'),(609,215,417,'Gol'),(610,215,419,'Gol'),(611,215,444,'Gol'),(612,215,353,'Gol'),(613,215,358,'Gol'),(614,243,61,'Amarilla'),(615,243,602,'Gol'),(616,243,602,'Gol'),(617,243,602,'Gol'),(623,245,344,'Gol'),(624,245,344,'Gol'),(625,245,344,'Gol'),(626,245,344,'Gol'),(627,245,344,'Gol'),(628,245,344,'Gol'),(629,245,344,'Gol'),(630,245,570,'Gol'),(631,251,4,'Gol'),(632,251,4,'Gol'),(633,251,5,'Gol'),(634,251,502,'Gol'),(635,251,502,'Gol'),(636,251,503,'Gol'),(638,259,35,'Gol'),(639,259,35,'Gol'),(640,259,442,'Gol'),(641,259,442,'Gol'),(642,259,442,'Gol'),(643,259,548,'Gol'),(644,259,604,'Gol'),(646,267,51,'Gol'),(647,267,51,'Gol'),(650,283,25,'Gol'),(651,283,25,'Gol'),(652,253,365,'Gol'),(653,253,365,'Gol'),(654,253,162,'Gol'),(655,253,163,'Gol'),(656,253,466,'Gol'),(657,253,466,'Gol'),(658,261,353,'Gol'),(659,261,353,'Amarilla'),(660,261,87,'Gol'),(661,261,95,'Gol'),(662,261,95,'Gol'),(663,261,95,'Gol'),(664,269,333,'Gol'),(665,269,337,'Gol'),(666,269,337,'Verde'),(667,269,151,'Gol'),(668,269,151,'Gol'),(669,269,152,'Gol'),(670,269,153,'Gol'),(671,269,155,'Gol'),(672,269,155,'Gol'),(673,269,155,'Gol'),(674,277,97,'Gol'),(675,277,99,'Gol'),(676,277,102,'Gol'),(677,277,102,'Gol'),(678,277,102,'Gol'),(679,277,103,'Gol'),(680,277,467,'Gol'),(681,285,17,'Gol'),(682,285,17,'Gol'),(683,285,17,'Gol'),(684,285,17,'Gol'),(685,285,588,'Gol'),(686,285,113,'Gol'),(687,241,600,'Gol'),(688,249,224,'Gol'),(689,249,226,'Gol'),(690,249,228,'Gol'),(691,249,229,'Gol'),(692,249,229,'Gol'),(693,249,230,'Gol'),(694,257,393,'Gol'),(695,257,395,'Gol'),(696,257,396,'Gol'),(697,257,396,'Gol'),(698,257,397,'Gol'),(699,257,293,'Gol'),(700,257,294,'Gol'),(701,257,294,'Gol'),(702,265,205,'Gol'),(703,265,206,'Gol'),(704,265,207,'Gol'),(705,265,560,'Gol'),(706,265,565,'Gol'),(707,273,189,'Gol'),(708,273,191,'Gol'),(709,273,191,'Gol'),(710,273,192,'Gol'),(711,273,193,'Gol'),(712,273,193,'Gol'),(713,273,196,'Gol'),(714,273,196,'Gol'),(715,281,219,'Gol'),(716,281,222,'Gol'),(717,247,539,'Gol'),(718,247,539,'Gol'),(719,255,448,'Gol'),(720,255,450,'Gol'),(721,263,417,'Gol'),(722,263,418,'Gol'),(723,271,439,'Gol'),(724,271,440,'Gol'),(725,279,424,'Gol'),(726,279,425,'Gol'),(727,287,431,'Gol'),(728,287,432,'Gol'),(729,289,280,'Gol'),(730,289,281,'Gol'),(731,289,281,'Gol'),(732,289,283,'Gol'),(733,289,283,'Gol'),(734,289,283,'Gol'),(735,289,285,'Gol'),(736,289,600,'Gol'),(737,297,318,'Gol'),(738,297,609,'Gol'),(739,297,5,'Gol'),(740,297,10,'Gol'),(741,297,10,'Gol'),(742,297,10,'Gol'),(743,297,503,'Gol'),(744,297,503,'Gol'),(745,297,598,'Gol'),(746,305,289,'Amarilla'),(747,305,294,'Gol'),(748,305,294,'Gol'),(749,305,442,'Gol'),(750,305,548,'Gol'),(751,305,548,'Gol'),(752,305,558,'Gol'),(753,305,558,'Gol'),(754,305,558,'Gol'),(755,305,604,'Gol'),(758,333,431,'Gol'),(759,333,431,'Gol'),(761,301,457,'Gol'),(766,309,416,'Gol'),(767,309,418,'Gol'),(768,309,462,'Gol'),(769,309,463,'Gol'),(771,317,472,'Gol'),(778,325,423,'Gol'),(779,325,423,'Gol'),(780,295,78,'Gol'),(781,295,78,'Gol'),(782,303,169,'Gol'),(783,303,169,'Gol'),(784,311,91,'Gol'),(785,311,91,'Gol'),(786,319,155,'Gol'),(787,319,155,'Gol'),(788,327,103,'Gol'),(789,327,103,'Gol'),(790,335,113,'Gol'),(791,335,113,'Gol'),(792,313,561,'Gol'),(793,313,563,'Gol'),(794,313,564,'Gol'),(795,313,564,'Gol'),(796,313,564,'Gol'),(797,313,564,'Gol'),(798,313,564,'Gol'),(799,313,566,'Gol'),(800,313,566,'Gol'),(801,313,51,'Gol'),(802,321,300,'Gol'),(803,321,300,'Amarilla'),(804,321,610,'Gol'),(805,321,610,'Amarilla'),(806,329,26,'Gol'),(807,329,26,'Gol'),(808,49,285,'Gol'),(809,49,285,'Gol'),(810,307,392,'Gol'),(811,307,392,'Amarilla'),(812,307,396,'Gol'),(813,307,353,'Gol'),(814,307,355,'Gol'),(815,307,358,'Gol'),(816,307,358,'Gol'),(817,307,358,'Gol'),(818,323,189,'Gol'),(819,323,190,'Gol'),(820,323,192,'Gol'),(821,323,194,'Gol'),(822,323,196,'Gol'),(823,323,196,'Gol'),(824,291,517,'Gol'),(825,291,527,'Amarilla'),(826,291,343,'Gol'),(827,291,343,'Amarilla'),(828,291,344,'Gol'),(829,291,350,'Amarilla'),(830,331,214,'Gol'),(831,331,218,'Gol'),(832,315,209,'Gol'),(833,315,334,'Gol'),(834,315,335,'Gol'),(835,315,337,'Gol'),(836,315,337,'Amarilla'),(837,299,226,'Gol'),(838,299,229,'Gol'),(839,299,361,'Roja'),(840,299,361,'Amarilla'),(841,299,606,'Amarilla'),(842,4,447,'Amarilla'),(843,4,64,'Amarilla'),(844,4,602,'Gol'),(845,4,602,'Gol'),(846,12,448,'Gol'),(847,12,448,'Gol'),(848,12,448,'Gol'),(849,12,448,'Gol'),(850,12,448,'Amarilla'),(851,12,457,'Gol'),(852,12,514,'Amarilla'),(853,12,5,'Gol'),(854,12,6,'Amarilla'),(855,12,10,'Amarilla'),(856,20,419,'Gol'),(857,20,444,'Gol'),(858,20,463,'Gol'),(859,20,463,'Gol'),(860,20,35,'Amarilla'),(861,20,35,'Verde'),(862,20,442,'Gol'),(863,20,442,'Amarilla'),(864,20,548,'Gol'),(865,20,548,'Gol'),(866,20,604,'Gol'),(867,20,625,'Gol'),(868,28,575,'Gol'),(869,28,627,'Gol'),(870,36,445,'Gol'),(871,36,445,'Gol'),(872,44,429,'Gol'),(873,44,429,'Gol'),(874,44,25,'Gol'),(875,44,26,'Gol'),(876,2,344,'Gol'),(877,2,344,'Gol'),(878,2,347,'Gol'),(879,2,281,'Amarilla'),(880,2,578,'Gol'),(881,2,578,'Gol'),(882,2,578,'Gol'),(883,10,365,'Gol'),(884,10,606,'Gol'),(885,10,318,'Gol'),(886,10,318,'Amarilla'),(887,18,354,'Amarilla'),(888,18,292,'Gol'),(889,18,294,'Gol'),(890,18,294,'Gol'),(891,18,294,'Gol'),(892,18,294,'Gol'),(893,18,294,'Gol'),(894,18,294,'Amarilla'),(895,26,338,'Gol'),(896,26,339,'Gol'),(897,26,564,'Gol'),(898,26,567,'Gol'),(899,34,651,'Gol'),(900,34,299,'Gol'),(901,34,610,'Gol'),(902,34,610,'Gol'),(903,42,12,'Gol'),(904,42,12,'Gol'),(905,342,404,'Gol'),(906,342,405,'Gol'),(907,342,405,'Gol'),(908,342,405,'Gol'),(909,342,530,'Gol'),(910,344,87,'Gol'),(911,344,87,'Gol'),(912,344,91,'Gol'),(913,344,91,'Gol'),(914,344,91,'Gol'),(915,344,95,'Gol'),(916,344,95,'Gol'),(917,344,95,'Gol'),(918,344,393,'Gol'),(919,343,168,'Amarilla'),(920,343,224,'Amarilla'),(921,343,231,'Gol'),(922,343,644,'Gol'),(923,343,646,'Gol'),(924,345,151,'Gol'),(925,345,152,'Gol'),(926,345,152,'Amarilla'),(927,345,205,'Gol'),(928,345,208,'Gol'),(929,345,208,'Gol'),(930,345,208,'Gol'),(931,345,208,'Gol'),(932,346,100,'Gol'),(933,346,100,'Gol'),(934,346,102,'Gol'),(935,346,103,'Gol'),(936,346,191,'Gol'),(937,346,191,'Gol'),(938,346,194,'Gol'),(939,346,194,'Gol'),(940,346,196,'Gol'),(941,347,111,'Gol'),(942,347,113,'Gol'),(943,347,115,'Gol'),(944,347,214,'Gol'),(945,347,214,'Gol'),(946,347,214,'Gol'),(947,347,217,'Gol'),(948,363,78,'Gol'),(949,363,78,'Gol'),(950,364,169,'Gol'),(951,364,169,'Gol'),(952,366,155,'Gol'),(953,366,155,'Gol'),(954,365,86,'Gol'),(955,365,87,'Gol'),(956,365,87,'Gol'),(957,365,91,'Gol'),(958,365,91,'Gol'),(959,365,95,'Gol'),(960,365,95,'Gol'),(961,365,95,'Gol'),(962,365,86,'Gol'),(963,365,87,'Gol'),(964,365,87,'Gol'),(965,365,91,'Gol'),(966,365,91,'Gol'),(967,365,95,'Gol'),(968,365,95,'Gol'),(969,365,95,'Gol'),(970,367,100,'Gol'),(971,367,101,'Gol'),(972,367,103,'Gol'),(973,367,103,'Gol'),(974,367,103,'Gol'),(975,367,467,'Gol'),(976,367,445,'Gol'),(977,368,113,'Gol'),(978,368,113,'Gol'),(979,352,362,'Gol'),(980,352,362,'Gol'),(981,352,362,'Gol'),(982,352,606,'Gol'),(983,351,61,'Amarilla'),(984,351,72,'Gol'),(985,351,344,'Gol'),(986,351,346,'Gol'),(987,351,348,'Gol'),(988,351,350,'Gol'),(989,351,570,'Gol'),(990,353,548,'Gol'),(991,353,548,'Gol'),(992,353,548,'Gol'),(993,353,604,'Gol'),(994,353,358,'Gol'),(995,354,334,'Gol'),(996,354,334,'Gol'),(997,355,40,'Gol'),(998,355,651,'Gol'),(999,356,26,'Gol'),(1000,356,26,'Gol'),(1001,356,12,'Gol'),(1002,356,12,'Gol'),(1003,356,12,'Gol'),(1004,356,15,'Gol'),(1005,356,15,'Gol'),(1006,356,15,'Gol'),(1007,356,588,'Gol'),(1008,356,588,'Gol'),(1009,357,283,'Gol'),(1010,357,600,'Gol'),(1011,357,613,'Gol'),(1012,357,613,'Amarilla'),(1013,357,515,'Gol'),(1014,357,527,'Gol'),(1015,358,229,'Gol'),(1016,358,229,'Gol'),(1017,358,229,'Gol'),(1018,358,229,'Gol'),(1019,358,231,'Gol'),(1020,358,644,'Gol'),(1021,358,644,'Gol'),(1022,359,396,'Gol'),(1023,359,397,'Gol'),(1024,359,397,'Gol'),(1025,359,399,'Gol'),(1026,360,545,'Gol'),(1027,360,560,'Gol'),(1028,360,564,'Gol'),(1029,360,564,'Gol'),(1030,360,564,'Gol'),(1031,360,564,'Gol'),(1032,360,566,'Gol'),(1033,360,207,'Gol'),(1034,360,210,'Gol'),(1035,361,189,'Gol'),(1036,361,190,'Gol'),(1037,361,191,'Gol'),(1038,361,194,'Gol'),(1039,362,214,'Gol'),(1040,362,214,'Gol'),(1041,375,540,'Gol'),(1042,375,540,'Gol'),(1043,376,448,'Gol'),(1044,376,448,'Gol'),(1045,377,444,'Gol'),(1046,377,444,'Gol'),(1047,378,440,'Gol'),(1048,378,440,'Gol'),(1049,379,445,'Gol'),(1050,379,445,'Gol'),(1051,380,431,'Gol'),(1052,380,431,'Gol'),(1053,373,103,'Gol'),(1054,373,103,'Gol'),(1055,373,103,'Gol'),(1056,373,103,'Gol'),(1057,369,71,'Gol'),(1058,369,71,'Gol'),(1059,369,71,'Gol'),(1060,369,72,'Gol'),(1061,370,163,'Gol'),(1062,370,163,'Gol'),(1063,370,166,'Gol'),(1064,370,5,'Gol'),(1065,370,598,'Gol'),(1066,371,87,'Gol'),(1067,371,87,'Gol'),(1068,371,91,'Gol'),(1069,371,91,'Gol'),(1070,371,91,'Gol'),(1071,371,95,'Gol'),(1072,371,548,'Gol'),(1073,371,548,'Gol'),(1074,371,558,'Gol'),(1075,371,558,'Gol'),(1076,371,604,'Gol'),(1077,371,626,'Gol'),(1078,372,151,'Gol'),(1079,372,151,'Gol'),(1080,372,152,'Gol'),(1081,372,152,'Gol'),(1082,372,152,'Gol'),(1083,372,153,'Gol'),(1084,372,153,'Gol'),(1085,372,155,'Gol'),(1086,372,155,'Gol'),(1087,372,155,'Gol'),(1088,372,155,'Gol'),(1089,372,155,'Gol'),(1090,372,155,'Gol'),(1091,372,155,'Gol'),(1092,372,158,'Gol'),(1093,372,158,'Gol'),(1094,374,113,'Gol'),(1095,374,115,'Gol'),(1096,374,115,'Gol'),(1097,374,115,'Gol'),(1098,374,119,'Gol'),(1099,374,26,'Gol'),(1100,374,26,'Gol'),(1101,381,344,'Gol'),(1102,381,347,'Gol'),(1103,381,515,'Gol'),(1104,381,515,'Gol'),(1105,381,527,'Gol'),(1106,383,355,'Gol'),(1107,383,358,'Gol'),(1108,383,391,'Gol'),(1109,383,392,'Gol'),(1110,383,396,'Gol'),(1111,384,333,'Gol'),(1112,384,206,'Gol'),(1113,384,207,'Gol'),(1114,385,189,'Gol'),(1115,385,189,'Gol'),(1116,385,189,'Gol'),(1117,385,190,'Gol'),(1118,385,193,'Gol'),(1119,385,193,'Gol'),(1120,385,193,'Gol'),(1121,385,194,'Gol'),(1122,385,194,'Gol'),(1123,385,196,'Gol'),(1124,385,196,'Gol'),(1125,386,17,'Gol'),(1126,386,588,'Gol'),(1127,386,214,'Gol'),(1128,386,214,'Gol'),(1129,386,214,'Gol'),(1130,386,216,'Gol');
/*!40000 ALTER TABLE `events` ENABLE KEYS */;
UNLOCK TABLES;

--
-- Table structure for table `fixtures`
--

DROP TABLE IF EXISTS `fixtures`;
/*!40101 SET @saved_cs_client     = @@character_set_client */;
/*!40101 SET character_set_client = utf8 */;
CREATE TABLE `fixtures` (
  `id` int(10) unsigned NOT NULL AUTO_INCREMENT,
  `tournament_id` int(11) NOT NULL,
  `local_team_id` int(11) NOT NULL,
  `visiting_team_id` int(11) NOT NULL,
  `date` date DEFAULT NULL,
  `fixture_day` varchar(191) COLLATE utf8mb4_unicode_ci NOT NULL,
  `location` varchar(191) COLLATE utf8mb4_unicode_ci NOT NULL,
  `local_score` int(11) NOT NULL,
  `visiting_score` int(11) NOT NULL,
  `state` varchar(191) COLLATE utf8mb4_unicode_ci NOT NULL,
  PRIMARY KEY (`id`)
) ENGINE=InnoDB AUTO_INCREMENT=423 DEFAULT CHARSET=utf8mb4 COLLATE=utf8mb4_unicode_ci;
/*!40101 SET character_set_client = @saved_cs_client */;

--
-- Dumping data for table `fixtures`
--

LOCK TABLES `fixtures` WRITE;
/*!40000 ALTER TABLE `fixtures` DISABLE KEYS */;
INSERT INTO `fixtures` VALUES (1,3,19,43,NULL,'1','A definir',0,2,'JUGADO'),(2,3,43,19,NULL,'8','A definir',3,3,'JUGADO'),(3,3,1,37,NULL,'1','A definir',4,2,'JUGADO'),(4,3,37,1,NULL,'8','A definir',0,2,'JUGADO'),(5,3,31,25,NULL,'1','A definir',2,0,'JUGADO'),(7,3,7,13,NULL,'1','A definir',4,2,'JUGADO'),(9,3,20,44,NULL,'1','A definir',2,2,'JUGADO'),(10,3,44,20,NULL,'8','A definir',2,1,'JUGADO'),(11,3,2,38,NULL,'1','A definir',5,3,'JUGADO'),(12,3,38,2,NULL,'8','A definir',5,1,'JUGADO'),(13,3,32,26,NULL,'1','A definir',2,0,'JUGADO'),(15,3,8,14,NULL,'1','A definir',1,2,'JUGADO'),(17,3,21,45,NULL,'1','A definir',2,3,'JUGADO'),(18,3,45,21,NULL,'8','A definir',0,6,'JUGADO'),(19,3,3,39,NULL,'1','A definir',5,4,'JUGADO'),(20,3,39,3,NULL,'8','A definir',4,5,'JUGADO'),(21,3,33,27,NULL,'1','A definir',7,1,'JUGADO'),(23,3,9,15,NULL,'1','A definir',3,7,'JUGADO'),(25,3,22,46,NULL,'1','A definir',3,0,'JUGADO'),(26,3,46,22,NULL,'8','A definir',2,2,'JUGADO'),(27,3,4,40,NULL,'1','A definir',2,0,'JUGADO'),(28,3,40,4,NULL,'8','A definir',0,2,'JUGADO'),(29,3,34,28,NULL,'1','A definir',5,0,'JUGADO'),(31,3,10,16,NULL,'1','A definir',1,6,'JUGADO'),(33,3,23,47,NULL,'1','A definir',3,0,'JUGADO'),(34,3,47,23,NULL,'8','A definir',1,3,'JUGADO'),(35,3,5,41,NULL,'1','A definir',2,5,'JUGADO'),(36,3,41,5,NULL,'8','A definir',2,0,'JUGADO'),(37,3,35,29,NULL,'1','A definir',16,1,'JUGADO'),(39,3,11,17,NULL,'1','A definir',0,4,'JUGADO'),(41,3,24,48,NULL,'1','A definir',0,2,'JUGADO'),(42,3,48,24,NULL,'8','A definir',2,0,'JUGADO'),(43,3,6,42,NULL,'1','A definir',1,2,'JUGADO'),(44,3,42,6,NULL,'8','A definir',2,2,'JUGADO'),(45,3,36,30,NULL,'1','A definir',2,1,'JUGADO'),(47,3,12,18,NULL,'1','A definir',0,2,'JUGADO'),(49,3,37,19,NULL,'2','A definir',0,2,'JUGADO'),(51,3,25,43,NULL,'2','A definir',0,2,'JUGADO'),(53,3,13,1,NULL,'2','A definir',5,1,'JUGADO'),(55,3,7,31,NULL,'2','A definir',3,7,'JUGADO'),(57,3,38,20,NULL,'2','A definir',5,2,'JUGADO'),(59,3,26,44,NULL,'2','A definir',0,4,'JUGADO'),(61,3,14,2,NULL,'2','A definir',0,3,'JUGADO'),(63,3,8,32,NULL,'2','A definir',1,2,'JUGADO'),(65,3,39,21,NULL,'2','A definir',3,2,'JUGADO'),(67,3,27,45,NULL,'2','A definir',0,11,'JUGADO'),(69,3,15,3,NULL,'2','A definir',1,2,'JUGADO'),(71,3,9,33,NULL,'2','A definir',4,4,'JUGADO'),(73,3,40,22,NULL,'2','A definir',0,1,'JUGADO'),(75,3,28,46,NULL,'2','A definir',1,3,'JUGADO'),(77,3,16,4,NULL,'2','A definir',9,3,'JUGADO'),(79,3,10,34,NULL,'2','A definir',1,7,'JUGADO'),(81,3,41,23,NULL,'2','A definir',1,0,'JUGADO'),(83,3,29,47,NULL,'2','A definir',0,2,'JUGADO'),(85,3,17,5,NULL,'2','A definir',5,1,'JUGADO'),(87,3,11,35,NULL,'2','A definir',1,1,'JUGADO'),(89,3,42,24,NULL,'2','A definir',7,1,'JUGADO'),(91,3,30,48,NULL,'2','A definir',0,1,'JUGADO'),(93,3,18,6,NULL,'2','A definir',4,3,'JUGADO'),(95,3,12,36,NULL,'2','A definir',0,2,'JUGADO'),(97,3,19,25,NULL,'3','A definir',2,0,'JUGADO'),(99,3,37,13,NULL,'3','A definir',0,2,'JUGADO'),(101,3,43,7,NULL,'3','A definir',9,0,'JUGADO'),(103,3,1,31,NULL,'3','A definir',2,3,'JUGADO'),(105,3,20,26,NULL,'3','A definir',2,0,'JUGADO'),(107,3,38,14,NULL,'3','A definir',8,1,'JUGADO'),(109,3,44,8,NULL,'3','A definir',3,0,'JUGADO'),(111,3,2,32,NULL,'3','A definir',0,2,'JUGADO'),(113,3,21,27,NULL,'3','A definir',2,0,'JUGADO'),(115,3,39,15,NULL,'3','A definir',2,2,'JUGADO'),(117,3,45,9,NULL,'3','A definir',2,2,'JUGADO'),(119,3,3,33,NULL,'3','A definir',4,2,'JUGADO'),(121,3,22,28,NULL,'3','A definir',2,0,'JUGADO'),(123,3,40,16,NULL,'3','A definir',0,9,'JUGADO'),(125,3,46,10,NULL,'3','A definir',6,3,'JUGADO'),(127,3,4,34,NULL,'3','A definir',1,4,'JUGADO'),(129,3,23,29,NULL,'3','A definir',2,0,'JUGADO'),(131,3,41,17,NULL,'3','A definir',3,6,'JUGADO'),(133,3,47,11,NULL,'3','A definir',1,1,'JUGADO'),(135,3,5,35,NULL,'3','A definir',0,6,'JUGADO'),(137,3,24,30,NULL,'3','A definir',2,0,'JUGADO'),(139,3,42,18,NULL,'3','A definir',1,1,'JUGADO'),(141,3,48,12,NULL,'3','A definir',2,0,'JUGADO'),(143,3,6,36,NULL,'3','A definir',2,4,'JUGADO'),(145,3,13,19,NULL,'4','A definir',2,9,'JUGADO'),(147,3,7,25,NULL,'4','A definir',2,0,'JUGADO'),(149,3,31,37,NULL,'4','A definir',4,0,'JUGADO'),(151,3,1,43,NULL,'4','A definir',0,9,'JUGADO'),(153,3,14,20,NULL,'4','A definir',7,2,'JUGADO'),(155,3,8,26,NULL,'4','A definir',2,0,'JUGADO'),(157,3,32,38,NULL,'4','A definir',5,1,'JUGADO'),(159,3,2,44,NULL,'4','A definir',2,1,'JUGADO'),(161,3,15,21,NULL,'4','A definir',5,3,'JUGADO'),(163,3,9,27,NULL,'4','A definir',2,0,'JUGADO'),(165,3,33,39,NULL,'4','A definir',1,0,'JUGADO'),(167,3,3,45,NULL,'4','A definir',3,1,'JUGADO'),(169,3,16,22,NULL,'4','A definir',2,0,'JUGADO'),(171,3,10,28,NULL,'4','A definir',2,0,'JUGADO'),(173,3,34,40,NULL,'4','A definir',2,0,'JUGADO'),(175,3,4,46,NULL,'4','A definir',1,9,'JUGADO'),(177,3,17,23,NULL,'4','A definir',8,2,'JUGADO'),(179,3,11,29,NULL,'4','A definir',2,0,'JUGADO'),(181,3,35,41,NULL,'4','A definir',4,1,'JUGADO'),(183,3,5,47,NULL,'4','A definir',0,2,'JUGADO'),(185,3,18,24,NULL,'4','A definir',2,0,'JUGADO'),(187,3,12,30,NULL,'4','A definir',0,2,'JUGADO'),(189,3,36,42,NULL,'4','A definir',2,0,'JUGADO'),(191,3,6,48,NULL,'4','A definir',3,2,'JUGADO'),(193,3,19,7,NULL,'5','A definir',4,1,'JUGADO'),(195,3,13,31,NULL,'5','A definir',1,6,'JUGADO'),(197,3,25,1,NULL,'5','A definir',0,2,'JUGADO'),(199,3,37,43,NULL,'5','A definir',0,2,'JUGADO'),(201,3,20,8,NULL,'5','A definir',2,0,'JUGADO'),(203,3,14,32,NULL,'5','A definir',5,3,'JUGADO'),(205,3,26,2,NULL,'5','A definir',0,2,'JUGADO'),(207,3,38,44,NULL,'5','A definir',1,0,'JUGADO'),(209,3,21,9,NULL,'5','A definir',3,1,'JUGADO'),(211,3,15,33,NULL,'5','A definir',2,2,'JUGADO'),(213,3,27,3,NULL,'5','A definir',0,2,'JUGADO'),(215,3,39,45,NULL,'5','A definir',3,2,'JUGADO'),(217,3,22,10,NULL,'5','A definir',7,0,'JUGADO'),(219,3,16,34,NULL,'5','A definir',12,2,'JUGADO'),(221,3,28,4,NULL,'5','A definir',0,2,'JUGADO'),(223,3,40,46,NULL,'5','A definir',2,6,'JUGADO'),(225,3,23,11,NULL,'5','A definir',0,1,'JUGADO'),(227,3,17,35,NULL,'5','A definir',5,4,'JUGADO'),(229,3,29,5,NULL,'5','A definir',0,2,'JUGADO'),(231,3,41,47,NULL,'5','A definir',7,0,'JUGADO'),(233,3,24,12,NULL,'5','A definir',2,0,'JUGADO'),(235,3,18,36,NULL,'5','A definir',5,1,'JUGADO'),(237,3,30,6,NULL,'5','A definir',0,2,'JUGADO'),(239,3,42,48,NULL,'5','A definir',1,1,'JUGADO'),(241,3,31,19,NULL,'6','A definir',0,1,'JUGADO'),(243,3,1,7,NULL,'6','A definir',3,4,'JUGADO'),(245,3,43,13,NULL,'6','A definir',8,0,'JUGADO'),(247,3,37,25,NULL,'6','A definir',2,0,'JUGADO'),(249,3,32,20,NULL,'6','A definir',6,0,'JUGADO'),(251,3,2,8,NULL,'6','A definir',6,1,'JUGADO'),(253,3,44,14,NULL,'6','A definir',2,4,'JUGADO'),(255,3,38,26,NULL,'6','A definir',2,0,'JUGADO'),(257,3,33,21,NULL,'6','A definir',5,3,'JUGADO'),(259,3,3,9,NULL,'6','A definir',7,1,'JUGADO'),(261,3,45,15,NULL,'6','A definir',1,4,'JUGADO'),(263,3,39,27,NULL,'6','A definir',2,0,'JUGADO'),(265,3,34,22,NULL,'6','A definir',3,2,'JUGADO'),(267,3,4,10,NULL,'6','A definir',2,0,'JUGADO'),(269,3,46,16,NULL,'6','A definir',2,7,'JUGADO'),(271,3,40,28,NULL,'6','A definir',2,0,'JUGADO'),(273,3,35,23,NULL,'6','A definir',8,0,'JUGADO'),(275,3,5,11,NULL,'6','A definir',0,2,'JUGADO'),(277,3,47,17,NULL,'6','A definir',0,7,'JUGADO'),(279,3,41,29,NULL,'6','A definir',2,0,'JUGADO'),(281,3,36,24,NULL,'6','A definir',2,0,'JUGADO'),(283,3,6,12,NULL,'6','A definir',2,0,'JUGADO'),(285,3,48,18,NULL,'6','A definir',5,1,'JUGADO'),(287,3,42,30,NULL,'6','A definir',2,0,'JUGADO'),(289,3,19,1,NULL,'7','A definir',8,0,'JUGADO'),(291,3,31,43,NULL,'7','A definir',1,2,'JUGADO'),(293,3,7,37,NULL,'7','A definir',2,0,'JUGADO'),(295,3,13,25,NULL,'7','A definir',2,0,'JUGADO'),(297,3,20,2,NULL,'7','A definir',2,7,'JUGADO'),(299,3,32,44,NULL,'7','A definir',2,0,'JUGADO'),(301,3,8,38,NULL,'7','A definir',1,1,'JUGADO'),(303,3,14,26,NULL,'7','A definir',2,0,'JUGADO'),(305,3,21,3,NULL,'7','A definir',2,7,'JUGADO'),(307,3,33,45,NULL,'7','A definir',2,5,'JUGADO'),(309,3,9,39,NULL,'7','A definir',4,4,'JUGADO'),(311,3,15,27,NULL,'7','A definir',2,0,'JUGADO'),(313,3,22,4,NULL,'7','A definir',9,1,'JUGADO'),(315,3,34,46,NULL,'7','A definir',1,3,'JUGADO'),(317,3,10,40,NULL,'7','A definir',1,1,'JUGADO'),(319,3,16,28,NULL,'7','A definir',2,0,'JUGADO'),(321,3,23,5,NULL,'7','A definir',2,0,'JUGADO'),(323,3,35,47,NULL,'7','A definir',6,0,'JUGADO'),(325,3,11,41,NULL,'7','A definir',6,2,'JUGADO'),(327,3,17,29,NULL,'7','A definir',2,0,'JUGADO'),(329,3,24,6,NULL,'7','A definir',0,2,'JUGADO'),(331,3,36,48,NULL,'7','A definir',2,0,'JUGADO'),(333,3,12,42,NULL,'7','A definir',0,2,'JUGADO'),(335,3,18,30,NULL,'7','A definir',2,0,'JUGADO'),(342,3,13,31,NULL,'8','A definir',0,5,'JUGADO'),(343,3,14,32,NULL,'8','A definir',0,3,'JUGADO'),(344,3,15,33,NULL,'8','A definir',8,1,'JUGADO'),(345,3,16,34,NULL,'8','A definir',2,5,'JUGADO'),(346,3,17,35,NULL,'8','A definir',4,5,'JUGADO'),(347,3,18,36,NULL,'8','A definir',3,4,'JUGADO'),(351,3,1,43,NULL,'9','A definir',1,5,'JUGADO'),(352,3,2,44,NULL,'9','A definir',0,4,'JUGADO'),(353,3,3,45,NULL,'9','A definir',4,1,'JUGADO'),(354,3,4,46,NULL,'9','A definir',0,2,'JUGADO'),(355,3,5,47,NULL,'9','A definir',1,1,'JUGADO'),(356,3,6,48,NULL,'9','A definir',2,8,'JUGADO'),(357,3,19,31,NULL,'9','A definir',3,2,'JUGADO'),(358,3,20,32,NULL,'9','A definir',0,7,'JUGADO'),(359,3,21,33,NULL,'9','A definir',0,4,'JUGADO'),(360,3,22,34,NULL,'9','A definir',7,2,'JUGADO'),(361,3,23,35,NULL,'9','A definir',0,4,'JUGADO'),(362,3,24,36,NULL,'9','A definir',0,2,'JUGADO'),(363,3,13,37,NULL,'9','A definir',2,0,'JUGADO'),(364,3,14,38,NULL,'9','A definir',2,0,'JUGADO'),(365,3,15,39,NULL,'9','A definir',8,0,'JUGADO'),(366,3,16,40,NULL,'9','A definir',2,0,'JUGADO'),(367,3,17,41,NULL,'9','A definir',6,1,'JUGADO'),(368,3,18,42,NULL,'9','A definir',2,0,'JUGADO'),(369,3,13,1,NULL,'10','A definir',0,4,'JUGADO'),(370,3,14,2,NULL,'10','A definir',3,2,'JUGADO'),(371,3,15,3,NULL,'10','A definir',6,6,'JUGADO'),(372,3,16,4,NULL,'10','A definir',16,0,'JUGADO'),(373,3,17,5,NULL,'10','A definir',2,0,'JUGADO'),(374,3,18,6,NULL,'10','A definir',5,2,'JUGADO'),(375,3,37,19,NULL,'10','A definir',2,0,'JUGADO'),(376,3,38,20,NULL,'10','A definir',2,0,'JUGADO'),(377,3,39,21,NULL,'10','A definir',2,0,'JUGADO'),(378,3,40,22,NULL,'10','A definir',2,0,'JUGADO'),(379,3,41,23,NULL,'10','A definir',2,0,'JUGADO'),(380,3,42,24,NULL,'10','A definir',2,0,'JUGADO'),(381,3,43,31,NULL,'10','A definir',2,3,'JUGADO'),(382,3,44,32,NULL,'10','A definir',0,0,'no jugado'),(383,3,45,33,NULL,'10','A definir',2,3,'JUGADO'),(384,3,46,34,NULL,'10','A definir',1,2,'JUGADO'),(385,3,47,35,NULL,'10','A definir',0,11,'JUGADO'),(386,3,48,36,NULL,'10','A definir',2,4,'JUGADO'),(387,3,1,31,NULL,'11','A definir',0,0,'no jugado'),(388,3,2,32,NULL,'11','A definir',0,0,'no jugado'),(389,3,3,33,NULL,'11','A definir',0,0,'no jugado'),(390,3,4,34,NULL,'11','A definir',0,0,'no jugado'),(391,3,5,35,NULL,'11','A definir',0,0,'no jugado'),(392,3,6,36,NULL,'11','A definir',0,0,'no jugado'),(393,3,43,37,NULL,'11','A definir',0,0,'no jugado'),(394,3,44,38,NULL,'11','A definir',0,0,'no jugado'),(395,3,45,39,NULL,'11','A definir',0,0,'no jugado'),(396,3,46,40,NULL,'11','A definir',0,0,'no jugado'),(397,3,47,41,NULL,'11','A definir',0,0,'no jugado'),(398,3,48,42,NULL,'11','A definir',0,0,'no jugado'),(399,3,19,13,NULL,'11','A definir',0,0,'no jugado'),(400,3,20,14,NULL,'11','A definir',0,0,'no jugado'),(401,3,21,15,NULL,'11','A definir',0,0,'no jugado'),(402,3,22,16,NULL,'11','A definir',0,0,'no jugado'),(403,3,23,17,NULL,'11','A definir',0,0,'no jugado'),(404,3,24,18,NULL,'11','A definir',0,0,'no jugado'),(405,3,1,19,NULL,'12','A definir',0,0,'no jugado'),(406,3,2,20,NULL,'12','A definir',0,0,'no jugado'),(407,3,3,21,NULL,'12','A definir',0,0,'no jugado'),(408,3,4,22,NULL,'12','A definir',0,0,'no jugado'),(409,3,5,23,NULL,'12','A definir',0,0,'no jugado'),(410,3,6,24,NULL,'12','A definir',0,0,'no jugado'),(411,3,13,43,NULL,'12','A definir',0,0,'no jugado'),(412,3,14,44,NULL,'12','A definir',0,0,'no jugado'),(413,3,15,45,NULL,'12','A definir',0,0,'no jugado'),(414,3,16,46,NULL,'12','A definir',0,0,'no jugado'),(415,3,17,47,NULL,'12','A definir',0,0,'no jugado'),(416,3,18,48,NULL,'12','A definir',0,0,'no jugado'),(417,3,37,31,NULL,'12','A definir',0,0,'no jugado'),(418,3,38,32,NULL,'12','A definir',0,0,'no jugado'),(419,3,39,33,NULL,'12','A definir',0,0,'no jugado'),(420,3,40,34,NULL,'12','A definir',0,0,'no jugado'),(421,3,41,35,NULL,'12','A definir',0,0,'no jugado'),(422,3,42,36,NULL,'12','A definir',0,0,'no jugado');
/*!40000 ALTER TABLE `fixtures` ENABLE KEYS */;
UNLOCK TABLES;

--
-- Table structure for table `fixtures_backup`
--

DROP TABLE IF EXISTS `fixtures_backup`;
/*!40101 SET @saved_cs_client     = @@character_set_client */;
/*!40101 SET character_set_client = utf8 */;
CREATE TABLE `fixtures_backup` (
  `id` int(10) unsigned NOT NULL DEFAULT '0',
  `tournament_id` int(11) NOT NULL,
  `local_team_id` int(11) NOT NULL,
  `visiting_team_id` int(11) NOT NULL,
  `date` date DEFAULT NULL,
  `fixture_day` varchar(191) CHARACTER SET utf8mb4 COLLATE utf8mb4_unicode_ci NOT NULL,
  `location` varchar(191) CHARACTER SET utf8mb4 COLLATE utf8mb4_unicode_ci NOT NULL,
  `local_score` int(11) NOT NULL,
  `visiting_score` int(11) NOT NULL,
  `state` varchar(191) CHARACTER SET utf8mb4 COLLATE utf8mb4_unicode_ci NOT NULL
) ENGINE=InnoDB DEFAULT CHARSET=latin1;
/*!40101 SET character_set_client = @saved_cs_client */;

--
-- Dumping data for table `fixtures_backup`
--

LOCK TABLES `fixtures_backup` WRITE;
/*!40000 ALTER TABLE `fixtures_backup` DISABLE KEYS */;
INSERT INTO `fixtures_backup` VALUES (1,3,19,43,NULL,'1','A definir',0,2,'JUGADO'),(2,3,43,19,NULL,'8','A definir',0,0,'no jugado'),(3,3,1,37,NULL,'1','A definir',4,2,'JUGADO'),(4,3,37,1,NULL,'8','A definir',0,0,'no jugado'),(5,3,31,25,NULL,'1','A definir',2,0,'JUGADO'),(6,3,25,31,NULL,'8','A definir',0,0,'no jugado'),(7,3,7,13,NULL,'1','A definir',4,2,'JUGADO'),(8,3,13,7,NULL,'8','A definir',0,0,'no jugado'),(9,3,20,44,NULL,'1','A definir',2,2,'JUGADO'),(10,3,44,20,NULL,'8','A definir',0,0,'no jugado'),(11,3,2,38,NULL,'1','A definir',5,3,'JUGADO'),(12,3,38,2,NULL,'8','A definir',0,0,'no jugado'),(13,3,32,26,NULL,'1','A definir',2,0,'JUGADO'),(14,3,26,32,NULL,'8','A definir',0,0,'no jugado'),(15,3,8,14,NULL,'1','A definir',1,2,'JUGADO'),(16,3,14,8,NULL,'8','A definir',0,0,'no jugado'),(17,3,21,45,NULL,'1','A definir',2,3,'JUGADO'),(18,3,45,21,NULL,'8','A definir',0,0,'no jugado'),(19,3,3,39,NULL,'1','A definir',5,4,'JUGADO'),(20,3,39,3,NULL,'8','A definir',0,0,'no jugado'),(21,3,33,27,NULL,'1','A definir',7,1,'JUGADO'),(22,3,27,33,NULL,'8','A definir',0,0,'no jugado'),(23,3,9,15,NULL,'1','A definir',3,7,'JUGADO'),(24,3,15,9,NULL,'8','A definir',0,0,'no jugado'),(25,3,22,46,NULL,'1','A definir',3,0,'JUGADO'),(26,3,46,22,NULL,'8','A definir',0,0,'no jugado'),(27,3,4,40,NULL,'1','A definir',2,0,'JUGADO'),(28,3,40,4,NULL,'8','A definir',0,0,'no jugado'),(29,3,34,28,NULL,'1','A definir',5,0,'JUGADO'),(30,3,28,34,NULL,'8','A definir',0,0,'no jugado'),(31,3,10,16,NULL,'1','A definir',1,6,'JUGADO'),(32,3,16,10,NULL,'8','A definir',0,0,'no jugado'),(33,3,23,47,NULL,'1','A definir',3,0,'JUGADO'),(34,3,47,23,NULL,'8','A definir',0,0,'no jugado'),(35,3,5,41,NULL,'1','A definir',2,5,'JUGADO'),(36,3,41,5,NULL,'8','A definir',0,0,'no jugado'),(37,3,35,29,NULL,'1','A definir',16,1,'JUGADO'),(38,3,29,35,NULL,'8','A definir',0,0,'no jugado'),(39,3,11,17,NULL,'1','A definir',0,4,'JUGADO'),(40,3,17,11,NULL,'8','A definir',0,0,'no jugado'),(41,3,24,48,NULL,'1','A definir',0,2,'JUGADO'),(42,3,48,24,NULL,'8','A definir',0,0,'no jugado'),(43,3,6,42,NULL,'1','A definir',1,2,'JUGADO'),(44,3,42,6,NULL,'8','A definir',0,0,'no jugado'),(45,3,36,30,NULL,'1','A definir',2,1,'JUGADO'),(46,3,30,36,NULL,'8','A definir',0,0,'no jugado'),(47,3,12,18,NULL,'1','A definir',0,2,'JUGADO'),(48,3,18,12,NULL,'8','A definir',0,0,'no jugado'),(49,3,37,19,NULL,'2','A definir',0,2,'JUGADO'),(50,3,19,37,NULL,'9','A definir',0,0,'no jugado'),(51,3,25,43,NULL,'2','A definir',0,2,'JUGADO'),(52,3,43,25,NULL,'9','A definir',0,0,'no jugado'),(53,3,13,1,NULL,'2','A definir',5,1,'JUGADO'),(54,3,1,13,NULL,'9','A definir',0,0,'no jugado'),(55,3,7,31,NULL,'2','A definir',3,7,'JUGADO'),(56,3,31,7,NULL,'9','A definir',0,0,'no jugado'),(57,3,38,20,NULL,'2','A definir',5,2,'JUGADO'),(58,3,20,38,NULL,'9','A definir',0,0,'no jugado'),(59,3,26,44,NULL,'2','A definir',0,4,'JUGADO'),(60,3,44,26,NULL,'9','A definir',0,0,'no jugado'),(61,3,14,2,NULL,'2','A definir',0,3,'JUGADO'),(62,3,2,14,NULL,'9','A definir',0,0,'no jugado'),(63,3,8,32,NULL,'2','A definir',1,2,'JUGADO'),(64,3,32,8,NULL,'9','A definir',0,0,'no jugado'),(65,3,39,21,NULL,'2','A definir',3,2,'JUGADO'),(66,3,21,39,NULL,'9','A definir',0,0,'no jugado'),(67,3,27,45,NULL,'2','A definir',0,11,'JUGADO'),(68,3,45,27,NULL,'9','A definir',0,0,'no jugado'),(69,3,15,3,NULL,'2','A definir',1,2,'JUGADO'),(70,3,3,15,NULL,'9','A definir',0,0,'no jugado'),(71,3,9,33,NULL,'2','A definir',4,4,'JUGADO'),(72,3,33,9,NULL,'9','A definir',0,0,'no jugado'),(73,3,40,22,NULL,'2','A definir',0,1,'JUGADO'),(74,3,22,40,NULL,'9','A definir',0,0,'no jugado'),(75,3,28,46,NULL,'2','A definir',1,3,'JUGADO'),(76,3,46,28,NULL,'9','A definir',0,0,'no jugado'),(77,3,16,4,NULL,'2','A definir',9,3,'JUGADO'),(78,3,4,16,NULL,'9','A definir',0,0,'no jugado'),(79,3,10,34,NULL,'2','A definir',1,7,'JUGADO'),(80,3,34,10,NULL,'9','A definir',0,0,'no jugado'),(81,3,41,23,NULL,'2','A definir',1,0,'JUGADO'),(82,3,23,41,NULL,'9','A definir',0,0,'no jugado'),(83,3,29,47,NULL,'2','A definir',0,2,'JUGADO'),(84,3,47,29,NULL,'9','A definir',0,0,'no jugado'),(85,3,17,5,NULL,'2','A definir',5,1,'JUGADO'),(86,3,5,17,NULL,'9','A definir',0,0,'no jugado'),(87,3,11,35,NULL,'2','A definir',1,1,'JUGADO'),(88,3,35,11,NULL,'9','A definir',0,0,'no jugado'),(89,3,42,24,NULL,'2','A definir',7,1,'JUGADO'),(90,3,24,42,NULL,'9','A definir',0,0,'no jugado'),(91,3,30,48,NULL,'2','A definir',0,1,'JUGADO'),(92,3,48,30,NULL,'9','A definir',0,0,'no jugado'),(93,3,18,6,NULL,'2','A definir',4,3,'JUGADO'),(94,3,6,18,NULL,'9','A definir',0,0,'no jugado'),(95,3,12,36,NULL,'2','A definir',0,2,'JUGADO'),(96,3,36,12,NULL,'9','A definir',0,0,'no jugado'),(97,3,19,25,NULL,'3','A definir',2,0,'JUGADO'),(98,3,25,19,NULL,'10','A definir',0,0,'no jugado'),(99,3,37,13,NULL,'3','A definir',0,2,'JUGADO'),(100,3,13,37,NULL,'10','A definir',0,0,'no jugado'),(101,3,43,7,NULL,'3','A definir',9,0,'JUGADO'),(102,3,7,43,NULL,'10','A definir',0,0,'no jugado'),(103,3,1,31,NULL,'3','A definir',2,3,'JUGADO'),(104,3,31,1,NULL,'10','A definir',0,0,'no jugado'),(105,3,20,26,NULL,'3','A definir',2,0,'JUGADO'),(106,3,26,20,NULL,'10','A definir',0,0,'no jugado'),(107,3,38,14,NULL,'3','A definir',8,1,'JUGADO'),(108,3,14,38,NULL,'10','A definir',0,0,'no jugado'),(109,3,44,8,NULL,'3','A definir',3,0,'JUGADO'),(110,3,8,44,NULL,'10','A definir',0,0,'no jugado'),(111,3,2,32,NULL,'3','A definir',0,2,'JUGADO'),(112,3,32,2,NULL,'10','A definir',0,0,'no jugado'),(113,3,21,27,NULL,'3','A definir',2,0,'JUGADO'),(114,3,27,21,NULL,'10','A definir',0,0,'no jugado'),(115,3,39,15,NULL,'3','A definir',2,2,'JUGADO'),(116,3,15,39,NULL,'10','A definir',0,0,'no jugado'),(117,3,45,9,NULL,'3','A definir',2,2,'JUGADO'),(118,3,9,45,NULL,'10','A definir',0,0,'no jugado'),(119,3,3,33,NULL,'3','A definir',4,2,'JUGADO'),(120,3,33,3,NULL,'10','A definir',0,0,'no jugado'),(121,3,22,28,NULL,'3','A definir',2,0,'JUGADO'),(122,3,28,22,NULL,'10','A definir',0,0,'no jugado'),(123,3,40,16,NULL,'3','A definir',0,9,'JUGADO'),(124,3,16,40,NULL,'10','A definir',0,0,'no jugado'),(125,3,46,10,NULL,'3','A definir',6,3,'JUGADO'),(126,3,10,46,NULL,'10','A definir',0,0,'no jugado'),(127,3,4,34,NULL,'3','A definir',1,4,'JUGADO'),(128,3,34,4,NULL,'10','A definir',0,0,'no jugado'),(129,3,23,29,NULL,'3','A definir',2,0,'JUGADO'),(130,3,29,23,NULL,'10','A definir',0,0,'no jugado'),(131,3,41,17,NULL,'3','A definir',3,6,'JUGADO'),(132,3,17,41,NULL,'10','A definir',0,0,'no jugado'),(133,3,47,11,NULL,'3','A definir',1,1,'JUGADO'),(134,3,11,47,NULL,'10','A definir',0,0,'no jugado'),(135,3,5,35,NULL,'3','A definir',0,6,'JUGADO'),(136,3,35,5,NULL,'10','A definir',0,0,'no jugado'),(137,3,24,30,NULL,'3','A definir',2,0,'JUGADO'),(138,3,30,24,NULL,'10','A definir',0,0,'no jugado'),(139,3,42,18,NULL,'3','A definir',1,1,'JUGADO'),(140,3,18,42,NULL,'10','A definir',0,0,'no jugado'),(141,3,48,12,NULL,'3','A definir',2,0,'JUGADO'),(142,3,12,48,NULL,'10','A definir',0,0,'no jugado'),(143,3,6,36,NULL,'3','A definir',2,4,'JUGADO'),(144,3,36,6,NULL,'10','A definir',0,0,'no jugado'),(145,3,13,19,NULL,'4','A definir',2,9,'JUGADO'),(146,3,19,13,NULL,'11','A definir',0,0,'no jugado'),(147,3,7,25,NULL,'4','A definir',2,0,'JUGADO'),(148,3,25,7,NULL,'11','A definir',0,0,'no jugado'),(149,3,31,37,NULL,'4','A definir',4,0,'JUGADO'),(150,3,37,31,NULL,'11','A definir',0,0,'no jugado'),(151,3,1,43,NULL,'4','A definir',0,9,'JUGADO'),(152,3,43,1,NULL,'11','A definir',0,0,'no jugado'),(153,3,14,20,NULL,'4','A definir',7,2,'JUGADO'),(154,3,20,14,NULL,'11','A definir',0,0,'no jugado'),(155,3,8,26,NULL,'4','A definir',2,0,'JUGADO'),(156,3,26,8,NULL,'11','A definir',0,0,'no jugado'),(157,3,32,38,NULL,'4','A definir',5,1,'JUGADO'),(158,3,38,32,NULL,'11','A definir',0,0,'no jugado'),(159,3,2,44,NULL,'4','A definir',2,1,'JUGADO'),(160,3,44,2,NULL,'11','A definir',0,0,'no jugado'),(161,3,15,21,NULL,'4','A definir',5,3,'JUGADO'),(162,3,21,15,NULL,'11','A definir',0,0,'no jugado'),(163,3,9,27,NULL,'4','A definir',2,0,'JUGADO'),(164,3,27,9,NULL,'11','A definir',0,0,'no jugado'),(165,3,33,39,NULL,'4','A definir',1,0,'JUGADO'),(166,3,39,33,NULL,'11','A definir',0,0,'no jugado'),(167,3,3,45,NULL,'4','A definir',3,1,'JUGADO'),(168,3,45,3,NULL,'11','A definir',0,0,'no jugado'),(169,3,16,22,NULL,'4','A definir',2,0,'JUGADO'),(170,3,22,16,NULL,'11','A definir',0,0,'no jugado'),(171,3,10,28,NULL,'4','A definir',2,0,'JUGADO'),(172,3,28,10,NULL,'11','A definir',0,0,'no jugado'),(173,3,34,40,NULL,'4','A definir',2,0,'JUGADO'),(174,3,40,34,NULL,'11','A definir',0,0,'no jugado'),(175,3,4,46,NULL,'4','A definir',1,9,'JUGADO'),(176,3,46,4,NULL,'11','A definir',0,0,'no jugado'),(177,3,17,23,NULL,'4','A definir',8,2,'JUGADO'),(178,3,23,17,NULL,'11','A definir',0,0,'no jugado'),(179,3,11,29,NULL,'4','A definir',2,0,'JUGADO'),(180,3,29,11,NULL,'11','A definir',0,0,'no jugado'),(181,3,35,41,NULL,'4','A definir',4,1,'JUGADO'),(182,3,41,35,NULL,'11','A definir',0,0,'no jugado'),(183,3,5,47,NULL,'4','A definir',0,2,'JUGADO'),(184,3,47,5,NULL,'11','A definir',0,0,'no jugado'),(185,3,18,24,NULL,'4','A definir',2,0,'JUGADO'),(186,3,24,18,NULL,'11','A definir',0,0,'no jugado'),(187,3,12,30,NULL,'4','A definir',0,2,'JUGADO'),(188,3,30,12,NULL,'11','A definir',0,0,'no jugado'),(189,3,36,42,NULL,'4','A definir',2,0,'JUGADO'),(190,3,42,36,NULL,'11','A definir',0,0,'no jugado'),(191,3,6,48,NULL,'4','A definir',3,2,'JUGADO'),(192,3,48,6,NULL,'11','A definir',0,0,'no jugado'),(193,3,19,7,NULL,'5','A definir',4,1,'JUGADO'),(194,3,7,19,NULL,'12','A definir',0,0,'no jugado'),(195,3,13,31,NULL,'5','A definir',1,6,'JUGADO'),(196,3,31,13,NULL,'12','A definir',0,0,'no jugado'),(197,3,25,1,NULL,'5','A definir',0,2,'JUGADO'),(198,3,1,25,NULL,'12','A definir',0,0,'no jugado'),(199,3,37,43,NULL,'5','A definir',0,2,'JUGADO'),(200,3,43,37,NULL,'12','A definir',0,0,'no jugado'),(201,3,20,8,NULL,'5','A definir',2,0,'JUGADO'),(202,3,8,20,NULL,'12','A definir',0,0,'no jugado'),(203,3,14,32,NULL,'5','A definir',5,3,'JUGADO'),(204,3,32,14,NULL,'12','A definir',0,0,'no jugado'),(205,3,26,2,NULL,'5','A definir',0,2,'JUGADO'),(206,3,2,26,NULL,'12','A definir',0,0,'no jugado'),(207,3,38,44,NULL,'5','A definir',1,0,'JUGADO'),(208,3,44,38,NULL,'12','A definir',0,0,'no jugado'),(209,3,21,9,NULL,'5','A definir',3,1,'JUGADO'),(210,3,9,21,NULL,'12','A definir',0,0,'no jugado'),(211,3,15,33,NULL,'5','A definir',2,2,'JUGADO'),(212,3,33,15,NULL,'12','A definir',0,0,'no jugado'),(213,3,27,3,NULL,'5','A definir',0,2,'JUGADO'),(214,3,3,27,NULL,'12','A definir',0,0,'no jugado'),(215,3,39,45,NULL,'5','A definir',3,2,'JUGADO'),(216,3,45,39,NULL,'12','A definir',0,0,'no jugado'),(217,3,22,10,NULL,'5','A definir',7,0,'JUGADO'),(218,3,10,22,NULL,'12','A definir',0,0,'no jugado'),(219,3,16,34,NULL,'5','A definir',12,2,'JUGADO'),(220,3,34,16,NULL,'12','A definir',0,0,'no jugado'),(221,3,28,4,NULL,'5','A definir',0,2,'JUGADO'),(222,3,4,28,NULL,'12','A definir',0,0,'no jugado'),(223,3,40,46,NULL,'5','A definir',2,6,'JUGADO'),(224,3,46,40,NULL,'12','A definir',0,0,'no jugado'),(225,3,23,11,NULL,'5','A definir',0,1,'JUGADO'),(226,3,11,23,NULL,'12','A definir',0,0,'no jugado'),(227,3,17,35,NULL,'5','A definir',5,4,'JUGADO'),(228,3,35,17,NULL,'12','A definir',0,0,'no jugado'),(229,3,29,5,NULL,'5','A definir',0,2,'JUGADO'),(230,3,5,29,NULL,'12','A definir',0,0,'no jugado'),(231,3,41,47,NULL,'5','A definir',7,0,'JUGADO'),(232,3,47,41,NULL,'12','A definir',0,0,'no jugado'),(233,3,24,12,NULL,'5','A definir',2,0,'JUGADO'),(234,3,12,24,NULL,'12','A definir',0,0,'no jugado'),(235,3,18,36,NULL,'5','A definir',5,1,'JUGADO'),(236,3,36,18,NULL,'12','A definir',0,0,'no jugado'),(237,3,30,6,NULL,'5','A definir',0,2,'JUGADO'),(238,3,6,30,NULL,'12','A definir',0,0,'no jugado'),(239,3,42,48,NULL,'5','A definir',1,1,'JUGADO'),(240,3,48,42,NULL,'12','A definir',0,0,'no jugado'),(241,3,31,19,NULL,'6','A definir',0,1,'JUGADO'),(242,3,19,31,NULL,'13','A definir',0,0,'no jugado'),(243,3,1,7,NULL,'6','A definir',3,4,'JUGADO'),(244,3,7,1,NULL,'13','A definir',0,0,'no jugado'),(245,3,43,13,NULL,'6','A definir',8,0,'JUGADO'),(246,3,13,43,NULL,'13','A definir',0,0,'no jugado'),(247,3,37,25,NULL,'6','A definir',2,0,'JUGADO'),(248,3,25,37,NULL,'13','A definir',0,0,'no jugado'),(249,3,32,20,NULL,'6','A definir',6,0,'JUGADO'),(250,3,20,32,NULL,'13','A definir',0,0,'no jugado'),(251,3,2,8,NULL,'6','A definir',6,1,'JUGADO'),(252,3,8,2,NULL,'13','A definir',0,0,'no jugado'),(253,3,44,14,NULL,'6','A definir',2,4,'JUGADO'),(254,3,14,44,NULL,'13','A definir',0,0,'no jugado'),(255,3,38,26,NULL,'6','A definir',2,0,'JUGADO'),(256,3,26,38,NULL,'13','A definir',0,0,'no jugado'),(257,3,33,21,NULL,'6','A definir',5,3,'JUGADO'),(258,3,21,33,NULL,'13','A definir',0,0,'no jugado'),(259,3,3,9,NULL,'6','A definir',7,1,'JUGADO'),(260,3,9,3,NULL,'13','A definir',0,0,'no jugado'),(261,3,45,15,NULL,'6','A definir',1,4,'JUGADO'),(262,3,15,45,NULL,'13','A definir',0,0,'no jugado'),(263,3,39,27,NULL,'6','A definir',2,0,'JUGADO'),(264,3,27,39,NULL,'13','A definir',0,0,'no jugado'),(265,3,34,22,NULL,'6','A definir',3,2,'JUGADO'),(266,3,22,34,NULL,'13','A definir',0,0,'no jugado'),(267,3,4,10,NULL,'6','A definir',2,0,'JUGADO'),(268,3,10,4,NULL,'13','A definir',0,0,'no jugado'),(269,3,46,16,NULL,'6','A definir',2,7,'JUGADO'),(270,3,16,46,NULL,'13','A definir',0,0,'no jugado'),(271,3,40,28,NULL,'6','A definir',2,0,'JUGADO'),(272,3,28,40,NULL,'13','A definir',0,0,'no jugado'),(273,3,35,23,NULL,'6','A definir',8,0,'JUGADO'),(274,3,23,35,NULL,'13','A definir',0,0,'no jugado'),(275,3,5,11,NULL,'6','A definir',0,2,'JUGADO'),(276,3,11,5,NULL,'13','A definir',0,0,'no jugado'),(277,3,47,17,NULL,'6','A definir',0,7,'JUGADO'),(278,3,17,47,NULL,'13','A definir',0,0,'no jugado'),(279,3,41,29,NULL,'6','A definir',2,0,'JUGADO'),(280,3,29,41,NULL,'13','A definir',0,0,'no jugado'),(281,3,36,24,NULL,'6','A definir',2,0,'JUGADO'),(282,3,24,36,NULL,'13','A definir',0,0,'no jugado'),(283,3,6,12,NULL,'6','A definir',2,0,'JUGADO'),(284,3,12,6,NULL,'13','A definir',0,0,'no jugado'),(285,3,48,18,NULL,'6','A definir',5,1,'JUGADO'),(286,3,18,48,NULL,'13','A definir',0,0,'no jugado'),(287,3,42,30,NULL,'6','A definir',2,0,'JUGADO'),(288,3,30,42,NULL,'13','A definir',0,0,'no jugado'),(289,3,19,1,NULL,'7','A definir',8,0,'JUGADO'),(290,3,1,19,NULL,'14','A definir',0,0,'no jugado'),(291,3,31,43,NULL,'7','A definir',1,2,'JUGADO'),(292,3,43,31,NULL,'14','A definir',0,0,'no jugado'),(293,3,7,37,NULL,'7','A definir',2,0,'JUGADO'),(294,3,37,7,NULL,'14','A definir',0,0,'no jugado'),(295,3,13,25,NULL,'7','A definir',2,0,'JUGADO'),(296,3,25,13,NULL,'14','A definir',0,0,'no jugado'),(297,3,20,2,NULL,'7','A definir',2,7,'JUGADO'),(298,3,2,20,NULL,'14','A definir',0,0,'no jugado'),(299,3,32,44,NULL,'7','A definir',2,0,'JUGADO'),(300,3,44,32,NULL,'14','A definir',0,0,'no jugado'),(301,3,8,38,NULL,'7','A definir',1,1,'JUGADO'),(302,3,38,8,NULL,'14','A definir',0,0,'no jugado'),(303,3,14,26,NULL,'7','A definir',2,0,'JUGADO'),(304,3,26,14,NULL,'14','A definir',0,0,'no jugado'),(305,3,21,3,NULL,'7','A definir',2,7,'JUGADO'),(306,3,3,21,NULL,'14','A definir',0,0,'no jugado'),(307,3,33,45,NULL,'7','A definir',2,5,'JUGADO'),(308,3,45,33,NULL,'14','A definir',0,0,'no jugado'),(309,3,9,39,NULL,'7','A definir',4,4,'JUGADO'),(310,3,39,9,NULL,'14','A definir',0,0,'no jugado'),(311,3,15,27,NULL,'7','A definir',2,0,'JUGADO'),(312,3,27,15,NULL,'14','A definir',0,0,'no jugado'),(313,3,22,4,NULL,'7','A definir',9,1,'JUGADO'),(314,3,4,22,NULL,'14','A definir',0,0,'no jugado'),(315,3,34,46,NULL,'7','A definir',1,3,'JUGADO'),(316,3,46,34,NULL,'14','A definir',0,0,'no jugado'),(317,3,10,40,NULL,'7','A definir',1,1,'JUGADO'),(318,3,40,10,NULL,'14','A definir',0,0,'no jugado'),(319,3,16,28,NULL,'7','A definir',2,0,'JUGADO'),(320,3,28,16,NULL,'14','A definir',0,0,'no jugado'),(321,3,23,5,NULL,'7','A definir',2,0,'JUGADO'),(322,3,5,23,NULL,'14','A definir',0,0,'no jugado'),(323,3,35,47,NULL,'7','A definir',6,0,'JUGADO'),(324,3,47,35,NULL,'14','A definir',0,0,'no jugado'),(325,3,11,41,NULL,'7','A definir',6,2,'JUGADO'),(326,3,41,11,NULL,'14','A definir',0,0,'no jugado'),(327,3,17,29,NULL,'7','A definir',2,0,'JUGADO'),(328,3,29,17,NULL,'14','A definir',0,0,'no jugado'),(329,3,24,6,NULL,'7','A definir',0,2,'JUGADO'),(330,3,6,24,NULL,'14','A definir',0,0,'no jugado'),(331,3,36,48,NULL,'7','A definir',2,0,'JUGADO'),(332,3,48,36,NULL,'14','A definir',0,0,'no jugado'),(333,3,12,42,NULL,'7','A definir',0,2,'JUGADO'),(334,3,42,12,NULL,'14','A definir',0,0,'no jugado'),(335,3,18,30,NULL,'7','A definir',2,0,'JUGADO'),(336,3,30,18,NULL,'14','A definir',0,0,'no jugado');
/*!40000 ALTER TABLE `fixtures_backup` ENABLE KEYS */;
UNLOCK TABLES;

--
-- Table structure for table `groups`
--

DROP TABLE IF EXISTS `groups`;
/*!40101 SET @saved_cs_client     = @@character_set_client */;
/*!40101 SET character_set_client = utf8 */;
CREATE TABLE `groups` (
  `id` bigint(20) unsigned NOT NULL AUTO_INCREMENT,
  `name` varchar(191) COLLATE utf8mb4_unicode_ci NOT NULL,
  `tournament_id` int(11) NOT NULL,
  `created_at` timestamp NULL DEFAULT NULL,
  `updated_at` timestamp NULL DEFAULT NULL,
  PRIMARY KEY (`id`)
) ENGINE=InnoDB DEFAULT CHARSET=utf8mb4 COLLATE=utf8mb4_unicode_ci;
/*!40101 SET character_set_client = @saved_cs_client */;

--
-- Dumping data for table `groups`
--

LOCK TABLES `groups` WRITE;
/*!40000 ALTER TABLE `groups` DISABLE KEYS */;
/*!40000 ALTER TABLE `groups` ENABLE KEYS */;
UNLOCK TABLES;

--
-- Table structure for table `institutions`
--

DROP TABLE IF EXISTS `institutions`;
/*!40101 SET @saved_cs_client     = @@character_set_client */;
/*!40101 SET character_set_client = utf8 */;
CREATE TABLE `institutions` (
  `id` int(10) unsigned NOT NULL AUTO_INCREMENT,
  `name` varchar(191) COLLATE utf8mb4_unicode_ci NOT NULL,
  `responsable` varchar(191) COLLATE utf8mb4_unicode_ci NOT NULL,
  `stadium` varchar(191) COLLATE utf8mb4_unicode_ci NOT NULL,
  `path_file` varchar(191) COLLATE utf8mb4_unicode_ci DEFAULT NULL,
  PRIMARY KEY (`id`)
) ENGINE=InnoDB AUTO_INCREMENT=9 DEFAULT CHARSET=utf8mb4 COLLATE=utf8mb4_unicode_ci;
/*!40101 SET character_set_client = @saved_cs_client */;

--
-- Dumping data for table `institutions`
--

LOCK TABLES `institutions` WRITE;
/*!40000 ALTER TABLE `institutions` DISABLE KEYS */;
INSERT INTO `institutions` VALUES (1,'CENTRO VECINAL 3 DE FEBRERO','CALDERÓN MIGUEL','PISO 33X18 ILUMINADA','https://scontent.firj1-1.fna.fbcdn.net/v/t1.0-9/58669671_2277306249253125_7885380889679495168_n.jpg?_nc_cat=105&_nc_ht=scontent.firj1-1.fna&oh=f198b69acbe625f49989fc63cc3f2c59&oe=5D660474'),(3,'FRANCO MAYORGA','ELYSABETH BARRIONUEVO','SAN FRANCISCO Y HUAQUI B° LA QUEBRADA CÉSPED 23X34 ILUMINADA','https://scontent.firj1-1.fna.fbcdn.net/v/t1.0-9/58727283_2277306345919782_9066104872939552768_n.jpg?_nc_cat=102&_nc_ht=scontent.firj1-1.fna&oh=8f0464b71e15988aa21dc40a9dd38bf5&oe=5D523F2F'),(4,'ANDINO SPORT CLUB','DIEGO MORENO','TIERRA  ?X?','https://scontent.firj1-1.fna.fbcdn.net/v/t1.0-9/59325888_2277306272586456_1505418953877356544_n.jpg?_nc_cat=105&_nc_ht=scontent.firj1-1.fna&oh=127a5c9ec6e10c4d3c955dc35dd82266&oe=5D64EFBD'),(6,'CRAR FUTBOL INFANTIL','MAXIMILIANO FERNANDEZ','TIERRA  ILUMINADA','https://scontent.firj1-1.fna.fbcdn.net/v/t1.0-9/57336126_2277306265919790_1702373101666304000_n.jpg?_nc_cat=109&_nc_ht=scontent.firj1-1.fna&oh=f4cba56cb79ff5483588c1cce27b1e8a&oe=5D6C141A'),(7,'JOGO BONITO','MAXIMILIANO RAMIREZ','RAMÓN NAVARRO Y CARDÓN. CÉSPED 34X23 ILUMINADA','https://scontent.firj1-1.fna.fbcdn.net/v/t1.0-9/58719891_2277306392586444_5389815207767834624_n.jpg?_nc_cat=103&_nc_ht=scontent.firj1-1.fna&oh=a45e49d24087ef3a438162a110327295&oe=5D605076'),(8,'NUEVAS ESTRELLAS','CRISTIAN HERRERA','TIERRA  34 X 23  ILUMINADA','https://scontent.firj1-1.fna.fbcdn.net/v/t1.0-9/58442702_2277306315919785_6465269220480385024_n.jpg?_nc_cat=107&_nc_ht=scontent.firj1-1.fna&oh=ef79b8ac6c2125d19e53c779b0bb93f0&oe=5D5C40A9');
/*!40000 ALTER TABLE `institutions` ENABLE KEYS */;
UNLOCK TABLES;

--
-- Table structure for table `managers`
--

DROP TABLE IF EXISTS `managers`;
/*!40101 SET @saved_cs_client     = @@character_set_client */;
/*!40101 SET character_set_client = utf8 */;
CREATE TABLE `managers` (
  `id` int(10) unsigned NOT NULL AUTO_INCREMENT,
  `last_name` varchar(191) COLLATE utf8mb4_unicode_ci NOT NULL,
  `first_name` varchar(191) COLLATE utf8mb4_unicode_ci NOT NULL,
  `dni` varchar(191) COLLATE utf8mb4_unicode_ci NOT NULL,
  PRIMARY KEY (`id`)
) ENGINE=InnoDB DEFAULT CHARSET=utf8mb4 COLLATE=utf8mb4_unicode_ci;
/*!40101 SET character_set_client = @saved_cs_client */;

--
-- Dumping data for table `managers`
--

LOCK TABLES `managers` WRITE;
/*!40000 ALTER TABLE `managers` DISABLE KEYS */;
/*!40000 ALTER TABLE `managers` ENABLE KEYS */;
UNLOCK TABLES;

--
-- Table structure for table `migrations`
--

DROP TABLE IF EXISTS `migrations`;
/*!40101 SET @saved_cs_client     = @@character_set_client */;
/*!40101 SET character_set_client = utf8 */;
CREATE TABLE `migrations` (
  `id` int(10) unsigned NOT NULL AUTO_INCREMENT,
  `migration` varchar(191) COLLATE utf8mb4_unicode_ci NOT NULL,
  `batch` int(11) NOT NULL,
  PRIMARY KEY (`id`)
) ENGINE=InnoDB AUTO_INCREMENT=26 DEFAULT CHARSET=utf8mb4 COLLATE=utf8mb4_unicode_ci;
/*!40101 SET character_set_client = @saved_cs_client */;

--
-- Dumping data for table `migrations`
--

LOCK TABLES `migrations` WRITE;
/*!40000 ALTER TABLE `migrations` DISABLE KEYS */;
INSERT INTO `migrations` VALUES (1,'2014_10_12_000000_create_users_table',1),(2,'2014_10_12_100000_create_password_resets_table',1),(3,'2019_02_28_200152_create_players_table',1),(4,'2019_02_28_200538_create_teams_table',1),(5,'2019_02_28_200610_create_managers_table',1),(6,'2019_02_28_200623_create_institutions_table',1),(7,'2019_02_28_200648_create_sanctions_table',1),(8,'2019_02_28_200704_create_events_table',1),(9,'2019_02_28_200726_create_fixtures_table',1),(10,'2019_02_28_200738_create_categories_table',1),(11,'2019_02_28_200749_create_scoreboards_table',1),(12,'2019_02_28_200803_create_tournaments_table',1),(13,'2019_02_28_200817_create_tournament_types_table',1),(14,'2019_02_28_200902_create_roles_table',1),(15,'2019_04_22_164839_create_groups_table',1),(16,'2019_04_28_143504_add_enabled_to_categories',1),(17,'2019_04_28_143656_add_school_to_players',1),(18,'2019_04_28_143725_add_position_to_players',1),(19,'2019_04_28_144008_create_posts_table',1),(20,'2019_04_28_170520_add_prepaid_to_players',1),(21,'2019_05_22_045058_create_articles_table',2),(22,'2019_05_22_045137_create_chapters_table',2),(23,'2019_05_22_045219_create_subsections_table',2),(24,'2019_06_08_063334_drop_scoreboards_table',3),(25,'2019_07_12_010814_update_articles_table',4);
/*!40000 ALTER TABLE `migrations` ENABLE KEYS */;
UNLOCK TABLES;

--
-- Table structure for table `password_resets`
--

DROP TABLE IF EXISTS `password_resets`;
/*!40101 SET @saved_cs_client     = @@character_set_client */;
/*!40101 SET character_set_client = utf8 */;
CREATE TABLE `password_resets` (
  `email` varchar(191) COLLATE utf8mb4_unicode_ci NOT NULL,
  `token` varchar(191) COLLATE utf8mb4_unicode_ci NOT NULL,
  `created_at` timestamp NULL DEFAULT NULL,
  KEY `password_resets_email_index` (`email`)
) ENGINE=InnoDB DEFAULT CHARSET=utf8mb4 COLLATE=utf8mb4_unicode_ci;
/*!40101 SET character_set_client = @saved_cs_client */;

--
-- Dumping data for table `password_resets`
--

LOCK TABLES `password_resets` WRITE;
/*!40000 ALTER TABLE `password_resets` DISABLE KEYS */;
/*!40000 ALTER TABLE `password_resets` ENABLE KEYS */;
UNLOCK TABLES;

--
-- Table structure for table `players`
--

DROP TABLE IF EXISTS `players`;
/*!40101 SET @saved_cs_client     = @@character_set_client */;
/*!40101 SET character_set_client = utf8 */;
CREATE TABLE `players` (
  `id` int(10) unsigned NOT NULL AUTO_INCREMENT,
  `last_name` varchar(191) COLLATE utf8mb4_unicode_ci NOT NULL,
  `first_name` varchar(191) COLLATE utf8mb4_unicode_ci NOT NULL,
  `dni` varchar(191) COLLATE utf8mb4_unicode_ci NOT NULL,
  `birth_date` date NOT NULL,
  `team_id` int(11) NOT NULL,
  `path_file` varchar(191) COLLATE utf8mb4_unicode_ci NOT NULL DEFAULT 'img/frontend_img/players/0.jpg',
  `school` varchar(191) COLLATE utf8mb4_unicode_ci DEFAULT NULL,
  `position` varchar(191) COLLATE utf8mb4_unicode_ci DEFAULT NULL,
  `prepaid` varchar(191) COLLATE utf8mb4_unicode_ci DEFAULT NULL,
  PRIMARY KEY (`id`)
) ENGINE=InnoDB AUTO_INCREMENT=674 DEFAULT CHARSET=utf8mb4 COLLATE=utf8mb4_unicode_ci;
/*!40101 SET character_set_client = @saved_cs_client */;

--
-- Dumping data for table `players`
--

LOCK TABLES `players` WRITE;
/*!40000 ALTER TABLE `players` DISABLE KEYS */;
INSERT INTO `players` VALUES (4,'IBACARI','AGUSTIN','48624676','2006-06-06',2,'img/frontend_img/players/0.jpg','TIMOTEO','DELANTERO','NO'),(5,'GIMENEZ','AXEL','47356506','2006-06-06',2,'img/frontend_img/players/0.jpg','COLEGIO 14','MEDIO CAMPO','NO'),(6,'ESPINOSA','LAUTARO','47212800','2006-06-06',2,'img/frontend_img/players/0.jpg','NORMAL','DEFENSA','NO'),(7,'PARISSI','GEREMIAS','47621800','2006-06-06',2,'img/frontend_img/players/0.jpg','MANUEL BELGRANO','MEDIO CAMPO','NO'),(10,'DIAZ','AXEL','47212844','2006-06-06',2,'img/frontend_img/players/0.jpg','PUBLICA','MEDIO CAMPO','PUBLICA'),(11,'BUADAS','LAUTARO BENJAMIN','51468330','2011-06-06',48,'img/frontend_img/players/0.jpg','PUBLICA','DELANTERO','PUBLICA'),(12,'GARAY','LUCIANO BENJAMÍN','51384644','2011-06-06',48,'img/frontend_img/players/0.jpg','PUBLICA','DEFENSA','PUBLICA'),(13,'VERA ARIAS','SANTIAGO','52080303','2011-06-06',48,'img/frontend_img/players/0.jpg','PUBLICA','MEDIO CAMPO','PUBLICA'),(14,'SÁNCHEZ','LAUTARO','50855471','2011-06-06',48,'img/frontend_img/players/0.jpg','PUBLICA','DELANTERO','PUBLICA'),(15,'ROMERO','IGNACIO NICOLÁS','51022632','2011-06-06',48,'img/frontend_img/players/0.jpg','PUBLICA','MEDIO CAMPO','PUBLICA'),(16,'BUSLEIMAN','MATIAS JULIÁN','50918400','2011-06-06',48,'img/frontend_img/players/0.jpg','PUBLICA','DEFENSA','PUBLICA'),(17,'VEGA LOZADA','ALEXANDER','50918389','2011-06-06',48,'img/frontend_img/players/0.jpg','PUBLICA','MEDIO CAMPO','PUBLICA'),(18,'OVIEDO','GONZALO EXEQUIEL','51468450','2011-06-06',48,'img/frontend_img/players/0.jpg','PUBLICA','MEDIO CAMPO','PUBLICA'),(22,'PAPADOPULO','JAIRO','51468309','2011-06-06',6,'img/frontend_img/players/0.jpg','PUBLICA','MEDIO CAMPO','PUBLICA'),(23,'BARRIONUEVO','JONATHAN','50918366','2011-06-06',6,'img/frontend_img/players/0.jpg','PUBLICA','DEFENSA','PUBLICA'),(24,'QUIROGA','YAIR','51484013','2012-06-06',6,'img/frontend_img/players/0.jpg','PUBLICA','DELANTERO','PUBLICA'),(25,'PEDRAZA','DANIEL','51109122','2011-06-06',6,'img/frontend_img/players/0.jpg','PUBLICA','MEDIO CAMPO','PUBLICA'),(26,'PARISI','SAMUEL','51468419','2012-06-06',6,'img/frontend_img/players/0.jpg','PUBLICA','DEFENSA','PUBLICA'),(27,'CONTRERAS','MISAEL','51467637','2011-06-06',6,'img/frontend_img/players/0.jpg','PUBLICA','DELANTERO','PUBLICA'),(28,'LOPEZ','XAMIR','50918493','2011-06-06',6,'img/frontend_img/players/0.jpg','PUBLICA','DELANTERO','PUBLICA'),(29,'GONZALEZ','JOAQUIN','52177505','2011-06-06',6,'img/frontend_img/players/0.jpg','PUBLICA','MEDIO CAMPO','PUBLICA'),(30,'PEDRAZA','BENJAMÍN','52513439','2012-06-06',6,'img/frontend_img/players/0.jpg','PUBLICA','MEDIO CAMPO','PUBLICA'),(35,'CAMPILLAY','ADRIAN','47771917','2007-06-06',3,'img/frontend_img/players/0.jpg','PUBLICA','DEFENSA','PUBLICA'),(39,'VERA','RAMIRO','50343043','2009-06-06',5,'img/frontend_img/players/0.jpg','PUBLICA','MEDIO CAMPO','PUBLICA'),(40,'PAIJES','THIAGO','50168133','2009-06-06',5,'img/frontend_img/players/0.jpg','PUBLICA','DELANTERO','PUBLICA'),(43,'ROMERO','DILAN','49689907','2009-06-06',5,'img/frontend_img/players/0.jpg','PUBLICA','DELANTERO','PUBLICA'),(51,'GIMENES','GEREMIAS','48557997','2008-06-06',4,'img/frontend_img/players/0.jpg','PUBLICA','DELANTERO','PUBLICA'),(61,'GIMENEZ','JOAQUIN','46723430','2005-06-06',1,'img/frontend_img/players/0.jpg','PUBLICA','MEDIO CAMPO','PUBLICA'),(62,'ALFARO','FRANCO','46870063','2005-06-06',1,'img/frontend_img/players/0.jpg','PUBLICA','DELANTERO','PUBLICA'),(63,'GUERRERO9','ALAN','46788132','2005-06-06',1,'img/frontend_img/players/0.jpg','PUBLICA','DELANTERO','PUBLICA'),(64,'MERCADO','SANTIAGO','46457637','2005-06-06',1,'img/frontend_img/players/0.jpg','PUBLICA','MEDIO CAMPO','PUBLICA'),(65,'PAIJES','AGUSTIN','46985136','2005-06-06',1,'img/frontend_img/players/0.jpg','PUBLICA','DELANTERO','PUBLICA'),(66,'ROMERO','MARIANO','46723888','2005-06-06',1,'img/frontend_img/players/0.jpg','PUBLICA','DEFENSA','PUBLICA'),(68,'ARCE','NELSON','46930140','2005-06-06',1,'img/frontend_img/players/0.jpg','PUBLICA','DELANTERO','PUBLICA'),(71,'RAMOS','DAMIRO','46536383','2005-06-06',1,'img/frontend_img/players/0.jpg','PUBLICA','MEDIO CAMPO','PUBLICA'),(72,'FLORES','BRAIAN','46985135','2005-06-06',1,'img/frontend_img/players/0.jpg','PUBLICA','DELANTERO','PUBLICA'),(75,'SALICAS','SANTIAGO','46870141','2005-06-06',13,'img/frontend_img/players/0.jpg','NORMAL','MEDIO CAMPO','PAMI'),(76,'NIETO','TOBÍAS','46614154','2005-06-06',13,'img/frontend_img/players/0.jpg','PIPO XLL','DELANTERO','ISECAC'),(78,'AVILA','SANTIAGO','46723797','2005-06-06',13,'img/frontend_img/players/0.jpg','NORMAL','MEDIO CAMPO','NO'),(79,'SANCHEZ','JEREMÍAS','46870104','2005-06-06',13,'img/frontend_img/players/0.jpg','NORMAL','DEFENSA','APOS'),(80,'PÉREZ','G. JOSÉ','46870373','2005-06-06',13,'img/frontend_img/players/0.jpg','NORMAL','MEDIO CAMPO','APOS'),(81,'VEGA','AXEL','46045510','2005-06-06',13,'img/frontend_img/players/0.jpg','C. RIOJANO','DEFENSA','CONTRUYA'),(82,'VARAS G.','MARTÍN','47620851','2005-06-06',13,'img/frontend_img/players/0.jpg','SAN MARTÍN','DELANTERO','BORCAI'),(83,'GAITAN','BENJAMÍN','47045253','2005-06-06',13,'img/frontend_img/players/0.jpg','COLEGIO 1','DEFENSA','NO'),(84,'ESCUDERO','LUCAS','46870136','2005-06-06',13,'img/frontend_img/players/0.jpg','NORMAL','MEDIO CAMPO','APOS'),(86,'OLIVERA','E. JERAMIAS','47838816','2007-06-06',15,'img/frontend_img/players/0.jpg','NORMAL','DEFENSA','OSPIT'),(87,'QUINTEROS','M. FRANCISCO','47771814','2007-06-06',15,'img/frontend_img/players/0.jpg','C.RIOJANO','MEDIO CAMPO','APOS'),(88,'HERRERA','C. SAQNTIAGO','47971941','2007-06-06',15,'img/frontend_img/players/0.jpg','COMUNITARIO','DEFENSA','OSECAC'),(89,'FAJARDO','M.TOBIAS','47971997','2007-06-06',15,'img/frontend_img/players/0.jpg','TELECHEA','MEDIO CAMPO','NO'),(90,'TRUJILLO','SANTIAGO','47971924','2007-06-06',15,'img/frontend_img/players/0.jpg','TELECHEA','DELANTERO','NO'),(91,'LEDESMA','ULICES','47668305','2007-06-06',15,'img/frontend_img/players/0.jpg','C.RIOJANO','MEDIO CAMPO','S/OS'),(92,'LEGUIZAMON','ALBARO','47937396','2007-06-06',15,'img/frontend_img/players/0.jpg','R. ESPAÑOLA','DEFENSA','BIENESTAR POF'),(93,'NIETO','LUCAS G.','47838906','2007-06-06',15,'img/frontend_img/players/0.jpg','NORMAL','DELANTERO','NO'),(94,'CEJAS','LAUTARO','47971848','2007-06-06',15,'img/frontend_img/players/0.jpg','R. ESPAÑOLA','DEFENSA','NO'),(95,'VERGARA','LISANDRO','47838077','2007-06-06',15,'img/frontend_img/players/0.jpg','C.RIOJANO','DELANTERO','OSECAC'),(96,'QUINTERO','PABLO','50446524','2009-06-06',17,'img/frontend_img/players/0.jpg','C.RIOJANO','MEDIO CAMPO','APOS'),(97,'HERRERA','SANTIAGO','49129880','2009-06-06',17,'img/frontend_img/players/0.jpg','C.RIOJANO','DELANTERO','OSECAC'),(98,'RAMIREZ','MATIAS','49684520','2009-06-06',17,'img/frontend_img/players/0.jpg','J .ARGUELLO','MEDIO CAMPO','MEDIFEC'),(99,'RODRIGUEZ','TIAGO','49780030','2009-06-06',17,'img/frontend_img/players/0.jpg','M.MORENO','DEFENSA','NO'),(100,'BANEGA','IGNACIO','49334419','2009-06-06',17,'img/frontend_img/players/0.jpg','C.RIOJANO','DEFENSA','APOS'),(101,'MALNATTI','MAXIMO','49334334','2009-06-06',17,'img/frontend_img/players/0.jpg','FEDERALITO','MEDIO CAMPO','OSDE'),(102,'GOMEZ','BENJAMIN','49780077','2009-06-06',17,'img/frontend_img/players/0.jpg','SANTO TOMAS','DELANTERO','APOS'),(103,'SALAS','EYMAR','49215457','2009-06-06',17,'img/frontend_img/players/0.jpg','M.MORENO','MEDIO CAMPO','OSPIT'),(104,'OLIVA','EMILIANO','49334423','2009-06-06',17,'img/frontend_img/players/0.jpg','C.RIOJANO','DEFENSA','APOS'),(105,'TRONCOZO','AXEL','49129874','2009-06-06',17,'img/frontend_img/players/0.jpg','C.RIOJANO','DELANTERO','APOS'),(106,'VALENZUELA','SANTIAGO','49780083','2009-06-06',17,'img/frontend_img/players/0.jpg','C.RIOJANO','DELANTERO','APOS'),(107,'DIAZ','JORGE NAHUEL','49779646','2009-06-06',17,'img/frontend_img/players/0.jpg','J.ARGUELLO','DELANTERO','APOS'),(108,'RODRIGUEZ','JUAN','52281976','2011-06-06',18,'img/frontend_img/players/0.jpg','NORMAL','DELANTERO','APOS'),(109,'CONDE','BENJAMIN','51384658','2011-06-06',18,'img/frontend_img/players/0.jpg','NAMUNCURA','DEFENSA','OSUTHGRA'),(110,'QUINTEROS','BAUTISTA','52177679','2011-06-06',18,'img/frontend_img/players/0.jpg','INSTITUTO E.P','DEFENSA','NO'),(111,'JUAREZ','THIAGO','51303125','2011-06-06',18,'img/frontend_img/players/0.jpg','C.RIOJANO','MEDIO CAMPO','APOS'),(112,'VEGA','VALENTIN','51468220','2011-06-06',18,'img/frontend_img/players/0.jpg','TELECHEA','DEFENSA','NO'),(113,'VALENZUELA','MAXIMILIANO','51468274','2011-06-06',18,'img/frontend_img/players/0.jpg','C.RIOJANO','MEDIO CAMPO','APOS'),(114,'ORTIZ','MARIANO','50918503','2011-06-06',18,'img/frontend_img/players/0.jpg','C.RIOJANO','DELANTERO','NO'),(115,'RODRIGUEZ','BENJAMIN','51384328','2011-06-06',18,'img/frontend_img/players/0.jpg','M.MORENO','DEFENSA','NO'),(116,'VASQUES','JEREMIAS','50855433','2011-06-06',18,'img/frontend_img/players/0.jpg','C.RIOJANO','DELANTERO','OSPIT'),(117,'MARTIN','JEREMIAS','51384549','2011-06-06',18,'img/frontend_img/players/0.jpg','C.RIOJANO','MEDIO CAMPO','NO'),(118,'GAETAN','FRANCISCO','52281663','2011-06-06',18,'img/frontend_img/players/0.jpg','CAUDILLO RIOJANO','DEFENSA','RED MEDICO'),(119,'ALVARES','SANTIAGO','52283532','2011-06-06',18,'img/frontend_img/players/0.jpg','NORMAL','DELANTERO','REDS MEDFICO'),(129,'FERREYRA','IGNACIO','47472707','2006-06-06',2,'img/frontend_img/players/0.jpg','BENJAMIN DE LA VEGA','MEDIO CAMPO','NO'),(150,'GORDILLO','GAEL','48624634','2008-06-06',16,'img/frontend_img/players/0.jpg','C.RIOJANO','?','OSMEDICA'),(151,'LOPEZ','THIAGO','48273726','2008-06-06',16,'img/frontend_img/players/0.jpg','CP. ALMIRATI','?','NO'),(152,'MIRANDAY','NOIR','49129524','2008-06-06',16,'img/frontend_img/players/0.jpg','NORMAL','DELANTERO','APOS'),(153,'QUINTEROS','AGUSTIN','48273405','2008-06-06',16,'img/frontend_img/players/0.jpg','SAN JOSE','MEDIO CAMPO','NO'),(154,'CORDOBA','THIAGO','48407181','2008-06-06',16,'img/frontend_img/players/0.jpg','JUANA L','DEFENSA','OSECAC'),(155,'CARRIZO','BENJAMIN','49129158','2008-06-06',16,'img/frontend_img/players/0.jpg','XX','DEFENSA','RED SEGURO'),(156,'CASTRO','IGNACIO','48557690','2008-06-06',16,'img/frontend_img/players/0.jpg','C.RIOJANO','MEDIO CAMPO','OSECAC'),(157,'MAMANI','ISMAEL','48624680','2008-06-06',16,'img/frontend_img/players/0.jpg','NORMAL','DELANTERO','APOS'),(158,'COROBA','BENJAMIN','48407180','2008-06-06',16,'img/frontend_img/players/0.jpg','JUANA L','MEDIO CAMPO','OSECAC'),(159,'SANDOVAL','BAUTISTA','49560501','2008-06-06',16,'img/frontend_img/players/0.jpg','NORMAL','DELANTERO','NO'),(161,'ASIS','TOMAS','48407438','2008-06-06',16,'img/frontend_img/players/0.jpg','NORMAL','DELANTERO','NO'),(162,'BARRIONUEVO','BENJAMÍN','47242892','2006-06-06',14,'img/frontend_img/players/0.jpg','C.RIOJANO','ARQUERO','NO'),(163,'CEBALLOS','SAMIR','47462668','2006-06-06',14,'img/frontend_img/players/0.jpg','NORMAL','DEFENSA','VETERANOS DE GUERRA'),(164,'BARRETA','FRANCISCO','47762670','2006-06-06',14,'img/frontend_img/players/0.jpg','NORMAL','MEDIO CAMPO','APOS'),(165,'LUCERO','VALENTIN','46986000','2006-06-06',14,'img/frontend_img/players/0.jpg','C.RIOJANO','DEFENSA','NO'),(166,'GALLEGO','LEONARDO','47462268','2006-06-06',14,'img/frontend_img/players/0.jpg','NORMAL','DELANTERO','NO'),(167,'ORTIZ','MAURICIO','47242691','2006-06-06',14,'img/frontend_img/players/0.jpg','COMERCIAL','DELANTERO','NO'),(168,'SORIA','DIONEL','47462797','2006-06-06',14,'img/frontend_img/players/0.jpg','XX','DEFENSA','NO'),(169,'SORIA','RAMIRO','47462276','2006-06-06',14,'img/frontend_img/players/0.jpg','C.RIOJANO','MEDIO CAMPO','UOM'),(170,'DOMINGUEZ','MIGUEL ANGEL','47045242','2006-06-06',14,'img/frontend_img/players/0.jpg','XX','MEDIO CAMPO','APOS'),(188,'MARCOVICH','SANTIAGO','49285789','2009-06-06',35,'img/frontend_img/players/0.jpg','NO','ARQUERO','NO'),(189,'GODOY','BENJAMIN','49937448','2009-06-06',35,'img/frontend_img/players/0.jpg','NO','DEFENSA','NO'),(190,'MORALES','PABLO','49936729','2009-06-06',35,'img/frontend_img/players/0.jpg','NO','MEDIO CAMPO','NO'),(191,'FLEJENAL','LISANDRO','49215420','2009-06-06',35,'img/frontend_img/players/0.jpg','NO','DELANTERO','NO'),(192,'CISTERNA','SEBASTIAN','49689751','2009-06-06',35,'img/frontend_img/players/0.jpg','NO','MEDIO CAMPO','NO'),(193,'SOSA','JUAN PABLO','49334015','2009-06-06',35,'img/frontend_img/players/0.jpg','NO','DELANTERO','NO'),(194,'CORDOBA','LAUTARO','49684658','2009-06-06',35,'img/frontend_img/players/0.jpg','NO','MEDIO CAMPO','NO'),(195,'TOLEDO','VALENTIN','49780111','2009-06-06',35,'img/frontend_img/players/0.jpg','NO','DELANTERO','NO'),(196,'CORTES','BENJAMIN','49684678','2009-06-06',35,'img/frontend_img/players/0.jpg','NO','DELANTERO','NO'),(197,'ARRIEGUEZ','DILAN','50446902','2009-06-06',35,'img/frontend_img/players/0.jpg','NO','MEDIO CAMPO','NO'),(198,'DIAZ','MATIAS','49214983','2009-06-06',35,'img/frontend_img/players/0.jpg','NO','DELANTERO','NO'),(199,'PITER','AIMARA','50435556','2009-06-06',35,'img/frontend_img/players/0.jpg','NO','DELANTERO','NO'),(200,'MIRANDAY','RAMIRO','49334155','2008-06-06',34,'img/frontend_img/players/0.jpg','NO','ARQUERO','NO'),(201,'MOYANO','TIAGO','48407212','2008-06-06',34,'img/frontend_img/players/0.jpg','NO','DEFENSA','NO'),(202,'AGUERO','DANILO','48557265','2008-06-06',34,'img/frontend_img/players/0.jpg','NO','DEFENSA','NO'),(203,'MAIDANA','JAKSON','48578778','2008-06-06',34,'img/frontend_img/players/0.jpg','NO','MEDIO CAMPO','NO'),(204,'CENTENO','ALAN','48489215','2008-06-06',34,'img/frontend_img/players/0.jpg','NO','DELANTERO','NO'),(205,'HERRERA','BAUTISTA','48213299','2008-06-06',34,'img/frontend_img/players/0.jpg','NO','MEDIO CAMPO','NO'),(206,'CAMARGO','JUAN','48213399','2008-06-06',34,'img/frontend_img/players/0.jpg','NO','DEFENSA','NO'),(207,'ROMERO','GONZALO','49096976','2008-06-06',34,'img/frontend_img/players/0.jpg','NO','DELANTERO','NO'),(208,'MIRANDAY','MATEO','48273691','2008-06-06',34,'img/frontend_img/players/0.jpg','NO','MEDIO CAMPO','NO'),(209,'OCAMPO','ALEJO','48489267','2008-06-06',34,'img/frontend_img/players/0.jpg','NO','DELANTERO','NO'),(210,'ROVELLI','SANTINO','48624042','2008-06-06',34,'img/frontend_img/players/0.jpg','NO','DEFENSA','NO'),(211,'GOMEZ','BRANDON','49215321','2008-06-06',34,'img/frontend_img/players/0.jpg','NO','MEDIO CAMPO','NO'),(212,'BAZAN','XAVIER','51302347','2011-06-06',36,'img/frontend_img/players/0.jpg','NO','ARQUERO','NO'),(213,'GUERRA','BAUTISTA','51027042','2011-06-06',36,'img/frontend_img/players/0.jpg','NO','DEFENSA','NO'),(214,'GAITAN','SANTIAGO','50885103','2011-06-06',36,'img/frontend_img/players/0.jpg','NO','DEFENSA','NO'),(215,'SANCHEZ','JONAS','51109146','2011-06-06',36,'img/frontend_img/players/0.jpg','NO','MEDIO CAMPO','NO'),(216,'GARAY','IAN','51302997','2011-06-06',36,'img/frontend_img/players/0.jpg','???','MEDIO CAMPO','NO'),(217,'ORTIZ','THIAGO','51109912','2011-06-06',36,'img/frontend_img/players/0.jpg','NO','DELANTERO','NO'),(218,'FERNANDEZ','LAUTARO','51022876','2011-06-06',36,'img/frontend_img/players/0.jpg','NO','MEDIO CAMPO','NO'),(219,'MERCADO','AARON','52281134','2011-06-06',36,'img/frontend_img/players/0.jpg','NO','DELANTERO','NO'),(220,'MERCADO','VALENTIN','52281980','2011-06-06',36,'img/frontend_img/players/0.jpg','NO','DEFENSA','NO'),(221,'HERRERA','SANTINO','52282994','2011-06-06',36,'img/frontend_img/players/0.jpg','NO','DELANTERO','NO'),(222,'ROMERO','ANGEL','52080332','2011-06-06',36,'img/frontend_img/players/0.jpg','NO','MEDIO CAMPO','NO'),(223,'TEJEDA','ALAN','51129261','2011-06-06',36,'img/frontend_img/players/0.jpg','NO','DELANTERO','NO'),(224,'GALLARDO','FERNANDO','47838442','2006-06-06',32,'img/frontend_img/players/0.jpg','NO','DELANTERO','NO'),(225,'ROLDAN','FACUNDO','47243386','2006-06-06',32,'img/frontend_img/players/0.jpg','NO','ARQUERO','NO'),(226,'DESIMONE','ELIAN','46985498','2006-06-06',32,'img/frontend_img/players/0.jpg','NO','MEDIO CAMPO','NO'),(227,'AHUMADA','ALEXIS','47462636','2006-06-06',32,'img/frontend_img/players/0.jpg','NO','DEFENSA','NO'),(228,'ROMERO','MATEO','47621475','2006-06-06',32,'img/frontend_img/players/0.jpg','NO','MEDIO CAMPO','NO'),(229,'MIRANDAY','DILAN','46788975','2006-06-06',32,'img/frontend_img/players/0.jpg','NO','DELANTERO','NO'),(230,'GIMENEZ','VALENTIN','47462699','2006-06-06',32,'img/frontend_img/players/0.jpg','NO','DEFENSA','NO'),(231,'ALANIS','SAMIR','47045984','2006-06-06',32,'img/frontend_img/players/0.jpg','NO','DELANTERO','NO'),(232,'RIOS','LISANDRO','46913476','2006-06-06',32,'img/frontend_img/players/0.jpg','NO','MEDIO CAMPO','NO'),(233,'DOMINGUEZ','BRAIAN','46985366','2006-06-06',32,'img/frontend_img/players/0.jpg','NO','DEFENSA','NO'),(275,'VARELA','MAXIMO E. YULIAN','47771951','2006-06-06',2,'img/frontend_img/players/0.jpg','TELECHEA','ARQUERO','APOS'),(279,'ARGAÑARAZ','LAUTARO','46870181','2005-06-06',19,'img/frontend_img/players/0.jpg','PUBLICA','ARQUERO','PUBLICA'),(280,'COS','ANGEL','46535877','2005-06-06',19,'img/frontend_img/players/0.jpg','NO','DEFENSA','NO'),(281,'MENDEZ','JUAN CRUZ','46870067','2005-06-06',19,'img/frontend_img/players/0.jpg','NO','DEFENSA','NO'),(282,'GONZALEZ','URIEL','46614059','2005-06-06',19,'img/frontend_img/players/0.jpg','NO','MEDIO CAMPO','NO'),(283,'RUARTE','AXEL','46985449','2005-06-06',19,'img/frontend_img/players/0.jpg','NO','MEDIO CAMPO','NO'),(285,'MAIDANA','JOSEMIR','46930406','2005-06-06',19,'img/frontend_img/players/0.jpg','NO','MEDIO CAMPO','NO'),(286,'ORONÁ','JONATHAN','46985198','2005-06-06',19,'img/frontend_img/players/0.jpg','NO','DEFENSA','NO'),(288,'BAZAN','BRUNO','46457502','2005-06-06',19,'img/frontend_img/players/0.jpg','NO','DELANTERO','NO'),(289,'BURGOS','DANIEL','47971877','2007-06-06',21,'img/frontend_img/players/0.jpg','NO','ARQUERO','NO'),(291,'REYNOSO','AGUSTIN','47937739','2007-06-06',21,'img/frontend_img/players/0.jpg','NO','DEFENSA','NO'),(292,'GONZALEZ','BRAIAN','48213986','2007-06-06',21,'img/frontend_img/players/0.jpg','NO','MEDIO CAMPO','NO'),(293,'MORALES','DAVID IGNACIO','48153097','2007-06-06',21,'img/frontend_img/players/0.jpg','NO','MEDIO CAMPO','NO'),(294,'CORTEZ','HECTOR','47937724','2007-06-06',21,'img/frontend_img/players/0.jpg','NO','DELANTERO','NO'),(295,'FLORES','AXEL','47937482','2007-06-06',21,'img/frontend_img/players/0.jpg','NO','DELANTERO','NO'),(296,'GARCIA','SANTINO','49129861','2009-06-06',23,'img/frontend_img/players/0.jpg','NO','ARQUERO','NO'),(297,'MEDIAVILLA','SANTINO','49937227','2009-06-06',23,'img/frontend_img/players/0.jpg','NO','DEFENSA','NO'),(298,'CARRION MACHIA','VALENTIN','49214781','2009-01-30',23,'img/frontend_img/players/0.jpg','PUBLICA','MEDIO CAMPO','PUBLICA'),(299,'SUAREZ','SIMON','49689566','2009-06-06',23,'img/frontend_img/players/0.jpg','NO','MEDIO CAMPO','NO'),(300,'REYNOSO','GOLO','47780175','2009-06-06',23,'img/frontend_img/players/0.jpg','NO','DELANTERO','NO'),(301,'ROMERO','LIONEL','49214573','2009-06-06',23,'img/frontend_img/players/0.jpg','NO','MEDIO CAMPO','NO'),(302,'PACHECO','BENJAMIN','49780349','2009-06-06',23,'img/frontend_img/players/0.jpg','NO','DELANTERO','NO'),(303,'ORMEÑO YACANTE','LUCIANO','40780371','2009-09-10',23,'img/frontend_img/players/0.jpg','PUBLICA','DELANTERO','PUBLICA'),(304,'MORENO','EMIR','49780918','2009-06-06',23,'img/frontend_img/players/0.jpg','NO','DELANTERO','NO'),(305,'RIVERO','VALENTIN','52281547','2011-06-06',24,'img/frontend_img/players/0.jpg','NO','ARQUERO','NO'),(306,'CASTILLON','ULISES','52080260','2011-06-06',24,'img/frontend_img/players/0.jpg','NO','DEFENSA','NO'),(307,'VARON','SAMUR URIEL','52062834','2013-01-14',24,'img/frontend_img/players/0.jpg','PUBLICA','DELANTERO','PUBLICA'),(308,'RUEDA','OCTAVIO','52058541','2012-03-08',24,'img/frontend_img/players/0.jpg','PUBLICA','MEDIO CAMPO','PUBLICA'),(309,'SPECHE','BENJAMIN','52511785','2011-06-06',24,'img/frontend_img/players/0.jpg','NO','DEFENSA','NO'),(310,'MOLINA','TOMAS','53906724','2011-06-06',24,'img/frontend_img/players/0.jpg','NO','MEDIO CAMPO','NO'),(311,'MIRANDA','JONAS','54093757','2011-06-06',24,'img/frontend_img/players/0.jpg','NO','DELANTERO','NO'),(312,'VAZQUEZ','MAXIMO S.','52509237','2012-10-29',24,'img/frontend_img/players/0.jpg','PUBLICA','DELANTERO','PUBLICA'),(313,'ROMERO','FEDRICO','46985781','2006-06-06',20,'img/frontend_img/players/0.jpg','NO','ARQUERO','NO'),(314,'QUINTERO','FRANCISCO','47243377','2006-06-06',20,'img/frontend_img/players/0.jpg','NO','DEFENSA','NO'),(315,'VARGAS','MIGUEL','47045549','2006-06-06',20,'img/frontend_img/players/0.jpg','NO','DEFENSA','NO'),(316,'PUGA','TIAGO','47621451','2006-06-06',20,'img/frontend_img/players/0.jpg','NO','DEFENSA','NO'),(318,'CEJAS','HUMBERTO','47213230','2006-06-06',20,'img/frontend_img/players/0.jpg','NO','DELANTERO','NO'),(320,'BAZAN','VALENTIN','46985553','2006-06-06',20,'img/frontend_img/players/0.jpg','NO','DELANTERO','NO'),(321,'GARCIA','LAUTARO','47462051','2006-06-06',20,'img/frontend_img/players/0.jpg','NO','MEDIO CAMPO','NO'),(322,'VILLALVA','MATEO','47621462','2006-06-06',20,'img/frontend_img/players/0.jpg','NO','DELANTERO','NO'),(323,'ACOSTA','ALEXIS','49779559','2009-06-06',47,'img/frontend_img/players/0.jpg','MANUEL BELGRANO','ARQUERO','NO'),(324,'MOLINA','ELIO','49685386','2009-06-06',47,'img/frontend_img/players/0.jpg','???','DEFENSA','APOS'),(325,'VILCHES','THIAGO','49937009','2009-06-06',47,'img/frontend_img/players/0.jpg','UTN','DEFENSA','APOS'),(326,'DIAZ','JEREMIAS','49684595','2009-06-06',47,'img/frontend_img/players/0.jpg','CASTRO BARROS','MEDIO CAMPO','OSPIN'),(327,'GOMEZ','JEREMIAS XAVIER','50343787','2009-06-06',47,'img/frontend_img/players/0.jpg','JUAN MANUEL FANGIO','MEDIO CAMPO','SI'),(330,'PEREZ','MAXIMO','49937225','2009-06-06',47,'img/frontend_img/players/0.jpg','PUBLICA','DELANTERO','PUBLICA'),(331,'MORENO','ANGEL NICOLAS','49215244','2009-06-06',47,'img/frontend_img/players/0.jpg','NO','DELANTERO','NO'),(332,'ANDRADA','PABLO VALENTIN','48273425','2008-06-06',46,'img/frontend_img/players/0.jpg','ESCUELA N° 410','MEDIO CAMPO','APOS'),(333,'CEBALLOS G.','ADRIEL VALENTIN','49334013','2008-06-06',46,'img/frontend_img/players/0.jpg','BENJAMIN DE LA VEGA','MEDIO CAMPO','ERI'),(334,'GONZALEZ','THIAGO','48557422','2008-06-06',46,'img/frontend_img/players/0.jpg','ESCUELA N° 410','DELANTERO','OSECAC'),(335,'HERRERA MOLINA','RAMIRO','48723256','2008-06-06',46,'img/frontend_img/players/0.jpg','BENJAMIN DE LA VEGA','MEDIO CAMPO','APOS'),(336,'MORENO B','ZAIR NIHUEL','48489632','2008-06-06',46,'img/frontend_img/players/0.jpg','ESCUELA N° 410','MEDIO CAMPO','NO'),(337,'RAMIREZ','BENJAMIN URIEL','48557883','2008-06-06',46,'img/frontend_img/players/0.jpg','CASTRO BARROS','DELANTERO','APOS'),(338,'SILVA','DILAN MARCOS','48273499','2008-06-06',46,'img/frontend_img/players/0.jpg','ESCUELA N° 410','DELANTERO','NO'),(339,'AGUIRRE','JEREMIAS','48318588','2008-06-06',46,'img/frontend_img/players/0.jpg','ESCUELA N° 756','DELANTERO','NO'),(342,'FUENTES','HARRERA NAHEL','46985424','2005-06-06',43,'img/frontend_img/players/0.jpg','NO','ARQUERO','NO'),(343,'CAMPILLAY','JEREMIAS','46457387','2005-06-06',43,'img/frontend_img/players/0.jpg','NO','MEDIO CAMPO','NO'),(344,'COLLANTES JUAREZ','ULISES','46723177','2005-06-06',43,'img/frontend_img/players/0.jpg','NO','MEDIO CAMPO','NO'),(346,'MOLINA HERRERA','EMILIANO','46457619','2005-06-06',43,'img/frontend_img/players/0.jpg','NO','MEDIO CAMPO','NO'),(347,'LUCERO QUINTERO','EMILIANO','46614075','2005-06-06',43,'img/frontend_img/players/0.jpg','NO','MEDIO CAMPO','NO'),(348,'ROLDAN AGUERO','BENJAMIN','46535851','2005-06-06',43,'img/frontend_img/players/0.jpg','???','DELANTERO','NO'),(349,'MORA','MATEO TOMAS','46723117','2005-06-06',43,'img/frontend_img/players/0.jpg','NO','DELANTERO','NO'),(350,'MOLINA','JORGE LAUTARO','46614676','2005-06-06',43,'img/frontend_img/players/0.jpg','NO','DELANTERO','NO'),(351,'MORENO','BENJAMIN','46870065','2005-06-06',43,'img/frontend_img/players/0.jpg','NO','DELANTERO','NO'),(352,'CASIMIRO','JOAQUIN EXEQUIEL','46153498','2007-06-06',45,'img/frontend_img/players/0.jpg','COLEGIO N° 287','ARQUERO','OSPRERA'),(353,'RODRIGUEZ','CLAUDIO ABEL','47838377','2007-06-06',45,'img/frontend_img/players/0.jpg','COLEGIO N° 287','DEFENSA','NO'),(354,'MOLINA MANRIQUE','GONZALO EMMANUEL','47838314','2007-06-06',45,'img/frontend_img/players/0.jpg','TIMOTEO GORDILLO','DEFENSA','NO'),(355,'GAITAN','LAUTARO BENJAMIN','47971787','2007-06-06',45,'img/frontend_img/players/0.jpg','AVELLANEDA','DEFENSA','NO'),(356,'RIOS','NICOLAS LEONEL','48153331','2007-06-06',45,'img/frontend_img/players/0.jpg','SARMIENTO','MEDIO CAMPO','NO'),(357,'CAMPRA','LAUTARO EZEQUIEL','48272716','2007-06-06',45,'img/frontend_img/players/0.jpg','ORTIZ DE OCAMPO','MEDIO CAMPO','SANCOR 3000'),(358,'ARIAS','KEVIN','47771446','2007-06-06',45,'img/frontend_img/players/0.jpg','ESCUELA N° 410','DELANTERO','NO'),(359,'OCHOA','AARON EMMANUEL','48272681','2007-06-06',45,'img/frontend_img/players/0.jpg','NO','DELANTERO','NO'),(360,'DIAZ','DAVID AGUSTIN','47971826','2007-06-06',45,'img/frontend_img/players/0.jpg','NO','DELANTERO','NO'),(361,'BUSLEIMAN','PABLO JEREMIAS','47243027','2006-06-06',44,'img/frontend_img/players/0.jpg','BENJAMIN DE LA VEGA','ARQUERO','NO'),(362,'HERRERA MOLINA','ULICES URIEL','47243020','2006-06-06',44,'img/frontend_img/players/0.jpg','BENJAMIN DE LA VEGA','MEDIO CAMPO','APOS'),(363,'CORTEZ','ANGEL MAXIMILIANO','47045268','2006-06-06',44,'img/frontend_img/players/0.jpg','COLEGIO N° 7','DEFENSA','NO'),(365,'MOLINA','JULIAN BLAS NICOLAS','47462536','2006-06-06',44,'img/frontend_img/players/0.jpg','COLEGIO N° 287','DEFENSA','NO'),(366,'ORTIZ','SEBASTIAN DAVID','47620941','2006-06-06',44,'img/frontend_img/players/0.jpg','JUAN JOSÉ PASO','MEDIO CAMPO','NO'),(367,'WENDEL','GUSMAN IAN','47213027','2006-06-06',44,'img/frontend_img/players/0.jpg','COLEGIO N° 4','DELANTERO','APOS Y OSECAC'),(368,'ARRUA','SANTIAGO DAVID ARIEL','46522562','2006-06-06',44,'img/frontend_img/players/0.jpg','EPET N° 1','DEFENSA','IOSFA'),(369,'TOLEDO','ALAN KATRIEL','47243486','2006-06-06',44,'img/frontend_img/players/0.jpg','ESCUELA N° 410','DELANTERO','NO'),(370,'VIDAL ROLDAN','AXEL AGUSTIN','47620599','2006-06-06',44,'img/frontend_img/players/0.jpg','ESCUELA N° 410','DEFENSA','BORGAL'),(371,'TEJEDA','ANDRES MIJAEL','48621227','2006-06-06',44,'img/frontend_img/players/0.jpg','NO','MEDIO CAMPO','NO'),(373,'MONARDES','SANTIAGO FRANCISCO','47462540','2006-06-06',44,'img/frontend_img/players/0.jpg','NO','MEDIO CAMPO','NO'),(390,'OVIEDO','ELIAS','48407522','2007-06-06',33,'img/frontend_img/players/0.jpg','NO','ARQUERO','NO'),(391,'DURAN','LEONARDO','48320145','2007-06-06',33,'img/frontend_img/players/0.jpg','NO','DEFENSA','NO'),(392,'NIETO','AXEL','47838869','2007-06-06',33,'img/frontend_img/players/0.jpg','NO','DELANTERO','NO'),(393,'LOPEZ','AGUSTIN','47971965','2007-06-06',33,'img/frontend_img/players/0.jpg','NO','MEDIO CAMPO','NO'),(394,'LOPEZ','MATIAS','47972339','2007-06-06',33,'img/frontend_img/players/0.jpg','NO','DEFENSA','NO'),(395,'MAZZARELLI','SANTINO','47838869','2007-06-06',33,'img/frontend_img/players/0.jpg','NO','MEDIO CAMPO','NO'),(396,'VILLAFAÑE','AARON','48489635','2007-06-06',33,'img/frontend_img/players/0.jpg','NO','MEDIO CAMPO','NO'),(397,'YBARRA','PABLO','47838303','2007-06-06',33,'img/frontend_img/players/0.jpg','NO','DELANTERO','NO'),(399,'ROMERO','SAMUEL','47620996','2007-06-06',33,'img/frontend_img/players/0.jpg','NO','ARQUERO','NO'),(400,'DOMINGUEZ','AXEL','47838909','2007-06-06',33,'img/frontend_img/players/0.jpg','NO','DELANTERO','NO'),(403,'GACETUA','DAVID','47462229','2005-06-06',31,'img/frontend_img/players/0.jpg','NO','DELANTERO','NO'),(404,'RIVERO','EZEQUIEL','46536210','2005-06-06',31,'img/frontend_img/players/0.jpg','NO','MEDIO CAMPO','NO'),(405,'MANSILLA','TOMAS','47723133','2005-06-06',31,'img/frontend_img/players/0.jpg','NO','DELANTERO','NO'),(406,'MOYANO','TOMAS','46930453','2005-06-06',31,'img/frontend_img/players/0.jpg','NO','MEDIO CAMPO','NO'),(409,'BALVERDI','MATIAS ALEJANDRO','48489930','2008-06-06',40,'img/frontend_img/players/0.jpg','NO','ARQUERO','NO'),(410,'RODRIGUEZ','LAUTARO','48557185','2008-06-06',40,'img/frontend_img/players/0.jpg','NO','DELANTERO','PUBLICA'),(411,'MERCADO','SANTIAGO ISMAEL','48557465','2008-06-06',40,'img/frontend_img/players/0.jpg','NO','MEDIO CAMPO','PUBLICA'),(412,'VIDELA','THOMAS AGUSTIN','47838666','2007-06-06',39,'img/frontend_img/players/0.jpg','NO','ARQUERO','PUBLICA'),(413,'RAMOS','JUAN CRUZ','47462876','2007-06-06',39,'img/frontend_img/players/0.jpg','NO','DEFENSA','PUBLICA'),(414,'CALIVA','JUAN JOSE','47620645','2007-06-06',39,'img/frontend_img/players/0.jpg','NO','DEFENSA','PUBLICA'),(415,'TOLEDO','ALEXANDER DAVID','48272940','2007-06-06',39,'img/frontend_img/players/0.jpg','NO','MEDIO CAMPO','PUBLICA'),(416,'BAZAN','TOBIAS JESUS','47972307','2007-06-06',39,'img/frontend_img/players/0.jpg','PUBLICA','MEDIO CAMPO','PUBLICA'),(417,'CARBAJAL','MATEO JOAQUIN','47971842','2007-06-06',39,'img/frontend_img/players/0.jpg','PUBLICA','MEDIO CAMPO','PUBLICA'),(418,'CARRANZA','ALEJO ARIEL','48213357','2007-06-06',39,'img/frontend_img/players/0.jpg','PUBLICA','MEDIO CAMPO','PUBLICA'),(419,'MORA','AXEL JEREMIAS','47937487','2007-06-06',39,'img/frontend_img/players/0.jpg','PUBLICA','DELANTERO','PUBLICA'),(420,'SORIA DE LA VEGA','VALENTINO','48489735','2009-06-06',41,'img/frontend_img/players/0.jpg','PUBLICA','ARQUERO','PUBLICA'),(421,'ROMERO','THIAGO','49214562','2009-06-06',41,'img/frontend_img/players/0.jpg','PUBLICA','DELANTERO','PUBLICA'),(422,'BRIZUELA','DAMIAN','49215406','2009-06-06',41,'img/frontend_img/players/0.jpg','PUBLICA','MEDIO CAMPO','PUBLICA'),(423,'GONZALEZ','BAUTISTA','50007075','2009-06-06',41,'img/frontend_img/players/0.jpg','PUBLICA','MEDIO CAMPO','PUBLICA'),(424,'CEBALLOS','LAUTARO VALENTIN','49873435','2009-06-06',41,'img/frontend_img/players/0.jpg','PUBLICA','DELANTERO','PUBLICA'),(425,'TORRES','BAUTISTA MATEO','49685339','2009-06-06',41,'img/frontend_img/players/0.jpg','PUBLICA','DEFENSA','PUBLICA'),(426,'TAPIA','CRISTIAN VALENTIN','50446807','2009-06-06',41,'img/frontend_img/players/0.jpg','PUBLICA','DELANTERO','PUBLICA'),(427,'ALVAREZ','SANTINO BENJAMIN','51303360','2011-06-06',42,'img/frontend_img/players/0.jpg','PUBLICA','ARQUERO','PUBLICA'),(428,'OCHOA','BAUTISTA','50918354','2011-06-06',42,'img/frontend_img/players/0.jpg','PUBLICA','DELANTERO','PUBLICA'),(429,'MALDONADO','SANTINO','51302945','2011-06-06',42,'img/frontend_img/players/0.jpg','PUBLICA','MEDIO CAMPO','PUBLICA'),(430,'GONZALEZ','GAEL','51023047','2011-06-06',42,'img/frontend_img/players/0.jpg','PUBLICA','DEFENSA','PUBLICA'),(431,'KIEFER','ANTONIO EZEQUIEL','52237556','2011-06-06',42,'img/frontend_img/players/0.jpg','PUBLICA','DELANTERO','PUBLICA'),(432,'GUZMAN','BAUTISTA','51467741','2011-06-06',42,'img/frontend_img/players/0.jpg','PUBLICA','DELANTERO','PUBLICA'),(433,'SORIA','GAEL','50918955','2011-06-06',42,'img/frontend_img/players/0.jpg','PUBLICA','DEFENSA','PUBLICA'),(434,'OLIVA','IAM','51468469','2011-06-06',42,'img/frontend_img/players/0.jpg','PUBLICA','DELANTERO','PUBLICA'),(437,'GUZMAN MACAS','CRISTIAN ANDRES','94913582','2008-06-06',40,'img/frontend_img/players/0.jpg','PUBLICA','DELANTERO','PUBLICA'),(438,'VIDAL','JAVIER IGNACIO','48319841','2008-06-06',40,'img/frontend_img/players/0.jpg','PUBLICA','MEDIO CAMPO','PUBLICA'),(439,'BAZAN','MAURO EXEQUIEL','49129011','2008-06-06',40,'img/frontend_img/players/0.jpg','PUBLICA','DEFENSA','PUBLICA'),(440,'DE LA PUENTE','JEREMIAS NICOLAS','48489327','2008-06-06',40,'img/frontend_img/players/0.jpg','PUBLICA','DELANTERO','PUBLICA'),(441,'OLIVERA DIAZ','JOAQUIN URIEL','49129176','2008-06-06',40,'img/frontend_img/players/0.jpg','PUBLICA','DEFENSA','PUBLICA'),(442,'GALLEGUILLO GAITAN','SANTIAGO YAIR','47971701','2007-06-06',3,'img/frontend_img/players/0.jpg','J.M. FANGIO','DELANTERO','APOS'),(443,'CORZO PEIRETI','JUAN THOMAS','47213202','2006-06-06',38,'img/frontend_img/players/0.jpg','PUBLICA','DELANTERO','PUBLICA'),(444,'PIERUZ RIVEROS','THIAGO LAUTARO','48332815','2007-06-06',39,'img/frontend_img/players/0.jpg','PUBLICA','MEDIO CAMPO','PUBLICA'),(445,'PIERUZ RIVEROS','SANTINO BENJAMIN','50479468','2009-06-06',41,'img/frontend_img/players/0.jpg','PUBLICA','MEDIO CAMPO','PUBLICA'),(446,'RODRIGUEZ RIQUELME','FACUNDO IGNACIO','48624121','2008-06-06',40,'img/frontend_img/players/0.jpg','PUBLICA','DEFENSA','PUBLICA'),(447,'ROJAS','ERIK BAUTISTA VALENTIN','46411077','2005-06-06',37,'img/frontend_img/players/0.jpg','PUBLICA','DEFENSA','PUBLICA'),(448,'MERCADO','AXEL YOEL','46985533','2006-06-06',38,'img/frontend_img/players/0.jpg','PUBLICA','DELANTERO','PUBLICA'),(449,'MERCADO','LEANDRO ISMAEL','47838386','2007-06-06',39,'img/frontend_img/players/0.jpg','PUBLICA','DELANTERO','PUBLICA'),(450,'ASTORGA','TOBIAS JERMIAS','46788958','2006-06-06',38,'img/frontend_img/players/0.jpg','COLEGIO N° 4','DELANTERO','PUBLICA'),(451,'LENCINA PEREYRA','THIAGO GEREMIAS','49285835','2009-06-06',41,'img/frontend_img/players/0.jpg','PUBLICA','DELANTERO','PUBLICA'),(452,'CORZO','ULISES ALEJANDRO','47243047','2006-06-06',38,'img/frontend_img/players/0.jpg','PUBLICA','ARQUERO','PUBLICA'),(453,'MANDATORE HAIZAS','GABRIEL','47621470','2006-06-06',38,'img/frontend_img/players/0.jpg','PUBLICA','DEFENSA','PUBLICA'),(454,'RODRIGUEZ','BENJAMIN ARIEL','47243059','2006-06-06',38,'img/frontend_img/players/0.jpg','PUBLICA','MEDIO CAMPO','PUBLICA'),(455,'NIETO','CRISTIAN NAHEL','46788919','2006-06-06',38,'img/frontend_img/players/0.jpg','PUBLICA','MEDIO CAMPO','PUBLICA'),(456,'PAEZ','GERONIMO LEONEL','47242672','2006-06-06',38,'img/frontend_img/players/0.jpg','PUBLICA','MEDIO CAMPO','PUBLICA'),(457,'ROMERO','PABLO NICOLA','46788656','2006-06-06',38,'img/frontend_img/players/0.jpg','PUBLICA','DELANTERO','PUBLICA'),(458,'SEGANTINI','MARCOS ISAIAS','47212746','2006-06-06',38,'img/frontend_img/players/0.jpg','PUBLICA','DELANTERO','PUBLICA'),(459,'LUNA','FABRICIO','47788682','2006-06-06',38,'img/frontend_img/players/0.jpg','PUBLICA','MEDIO CAMPO','PUBLICA'),(460,'DIAZ','DARIO BENJAMIN','48272979','2008-06-06',40,'img/frontend_img/players/0.jpg','PUBLICA','MEDIO CAMPO','PUBLICA'),(462,'PAEZ','ALEJANDRO ISMAEL','48153353','2007-06-06',39,'img/frontend_img/players/0.jpg','PUBLICA','DELANTERO','PUBLICA'),(463,'ASIARES','JUAN IGNACIO','47971846','2007-06-06',39,'img/frontend_img/players/0.jpg','PUBLICA','DELANTERO','PUBLICA'),(464,'VEGA','SILVIO EXEQUIEL','46788924','2006-06-06',2,'img/frontend_img/players/0.jpg','COL. N° 19','DEFENSA','PUBLICA'),(465,'JUAREZ','EMILIANO NORBERTO','47971979','2007-06-06',15,'img/frontend_img/players/0.jpg','PUBLICA','DEFENSA','PUBLICA'),(466,'CORTEZ','LUNA BRUNO DAVID','47243317','2006-06-06',14,'img/frontend_img/players/0.jpg','PUBLICA','DELANTERO','PUBLICA'),(467,'MORENO','SANTINO','50578940','2009-06-06',17,'img/frontend_img/players/0.jpg','PUBLICA','MEDIO CAMPO','PUBLICA'),(468,'HERRERA','KEVIN ALEXIS','50087953','2009-06-06',17,'img/frontend_img/players/0.jpg','PUBLICA','DELANTERO','PUBLICA'),(470,'CARRION','MATEO','50046018','2011-06-06',18,'img/frontend_img/players/0.jpg','PUBLICA','MEDIO CAMPO','PUBLICA'),(472,'GARCIA','LAUTARO','48498521','2008-06-06',40,'img/frontend_img/players/0.jpg','TELECHEA','DEFENSA','OSMEDICA'),(473,'PUGA','AGUSTIN','47837733','2007-06-06',21,'img/frontend_img/players/0.jpg','PUBLICA','DELANTERO','PUBLICA'),(481,'TORRES BRIZUELA','VALENTIN','46930252','2005-06-06',1,'img/frontend_img/players/0.jpg','TIMOTEO GORDILLO','MEDIO CAMPO','PUBLICA'),(484,'DIAZ','AGUSTIN','49937040','2009-06-06',5,'img/frontend_img/players/0.jpg','HUMBERTO PEREYRA','MEDIO CAMPO','PUBLICA'),(489,'DIAZ CAYO','JOAQUIN','46788729','2006-06-06',20,'img/frontend_img/players/0.jpg','PUBLICA','MEDIO CAMPO','PUBLICA'),(490,'LUNA','AGUSTIN','48407430','2007-06-06',21,'img/frontend_img/players/0.jpg','PUBLICA','MEDIO CAMPO','PUBLICA'),(491,'ACUÑA','GONZALO','48320396','2007-06-06',21,'img/frontend_img/players/0.jpg','PUBLICA','DELANTERO','PUBLICA'),(492,'MOLINA','BAUTISTA','48624603','2007-06-06',21,'img/frontend_img/players/0.jpg','PUBLICA','DELANTERO','PUBLICA'),(493,'STEBNER','JAVIER','49055560','2007-06-06',21,'img/frontend_img/players/0.jpg','PUBLICA','MEDIO CAMPO','PUBLICA'),(495,'AVILA','LAUTARO','50343919','2009-06-06',23,'img/frontend_img/players/0.jpg','PUBLICA','DEFENSA','PUBLICA'),(496,'DIAZ','TIZIANO EZEQUIEL','50343008','2009-06-06',23,'img/frontend_img/players/0.jpg','PUBLICA','DEFENSA','PUBLICA'),(497,'OLIVERA ADAD','NICOLAS','52046159','2011-06-06',24,'img/frontend_img/players/0.jpg','PUBLICA','MEDIO CAMPO','PUBLICA'),(498,'NIEVA LUNA','KEVIN','53307538','2013-08-12',24,'img/frontend_img/players/0.jpg','PUBLICA','DELANTERO','PUBLICA'),(499,'PIOLI','ARON I.','52282827','2013-08-24',24,'img/frontend_img/players/0.jpg','PUBLICA','MEDIO CAMPO','PUBLICA'),(500,'CATIVAS','THIAGO','48624615','2008-06-06',22,'img/frontend_img/players/0.jpg','PUBLICA','ARQUERO','PUBLICA'),(501,'ROMERO','OSCAR','48489367','2008-06-06',22,'img/frontend_img/players/0.jpg','PUBLICA','DELANTERO','PUBLICA'),(502,'PERALTA','AGUSTÍN','47635226','2006-06-06',2,'img/frontend_img/players/0.jpg','ESCUELA N° 417','DEFENSA','OSPECOM'),(503,'VIVAS','BRAIAN','46985790','2006-06-06',2,'img/frontend_img/players/0.jpg','COLEGIO N° 13','DELANTERO','OSPECOM'),(504,'ROPERO','GONZALO','47462416','2006-09-20',2,'img/frontend_img/players/0.jpg','NO','DELANTERO','CAPITAL FEDERAL'),(507,'VELAZQUEZ','ROBERTO JUAN','50918559','2010-09-30',41,'img/frontend_img/players/0.jpg','PUBLICA','MEDIO CAMPO','PUBLICA'),(508,'BUSSONE','JOSE MATIAS','50343586','2010-07-10',41,'img/frontend_img/players/0.jpg','PIO XII','DELANTERO','APOS'),(509,'MORENO','IAN DAVID','49937141','2010-02-24',41,'img/frontend_img/players/0.jpg','ESC. 412','DEFENSA','PAMI'),(510,'ESTRADA','LAUTARO','49685139','2009-03-27',41,'img/frontend_img/players/0.jpg','TIMOTEO GORDILLO','DEFENSA','OSECAC'),(511,'PEÑA','FRANCO GABRIEL','51302920','2011-08-19',42,'img/frontend_img/players/0.jpg','361','MEDIO CAMPO','APOS'),(512,'SALAZAR','ABEL LEONEL','50384679','2011-10-04',42,'img/frontend_img/players/0.jpg','TELECHEA','DEFENSA','UNIMED'),(513,'TORRES','SANTIAGO VALENTIN','52080281','2012-03-01',42,'img/frontend_img/players/0.jpg','PIO XII','DEFENSA','APOS'),(514,'ALI ZARATE','BLADIMIR ORESTE','46788740','2006-02-24',38,'img/frontend_img/players/0.jpg','PUBLICA','MEDIO CAMPO','PUBLICA'),(515,'GIMENEZ','LEONEL','47213094','2005-06-19',31,'img/frontend_img/players/0.jpg','PUBLICA','MEDIO CAMPO','PUBLICA'),(516,'PAZ','ALEX EZEQUIEL','46614072','2005-04-01',31,'img/frontend_img/players/0.jpg','COL.13','DEFENSA','PUBLICA'),(517,'ROSOTO','NICOLAS MANUEL','46870363','2005-09-22',31,'img/frontend_img/players/0.jpg','COL.1','DELANTERO','OSPICAR'),(518,'ANDRADA','ALEXANDER EMILIANO','52080149','2012-02-10',36,'img/frontend_img/players/0.jpg','J.M. FANGIO','MEDIO CAMPO','ERI'),(525,'SANCHEZ','JEREMIAS','50855490','2011-02-17',48,'img/frontend_img/players/0.jpg','EVA PERON','DELANTERO','APOS'),(527,'CABRERA','MARCELO ALEJANDRO','46457525','2005-01-29',31,'img/frontend_img/players/0.jpg','COMERCIO 1','MEDIO CAMPO','PUBLICA'),(529,'CORZO','NEHEMIAS MIJAIL','49684590','2009-05-31',35,'img/frontend_img/players/0.jpg','TELECHEA','MEDIO CAMPO','APOS'),(530,'PALACIOS','MATIAS LUCAS','46614931','2005-04-22',31,'img/frontend_img/players/0.jpg','EPET 2','MEDIO CAMPO','PUBLICA'),(531,'PLAZA','SARIEL','46536352','2005-04-04',31,'img/frontend_img/players/0.jpg','POLIVALENTE DE ARTE','DELANTERO','APOS'),(535,'RODRIGUEZ','SANTIAGO EMMANUEL','48489269','2008-05-17',34,'img/frontend_img/players/0.jpg','COL.M.ANGELELLI','DELANTERO','PUBLICA'),(538,'ALAMO','DAVID ALEXIS','46723685','2005-07-17',31,'img/frontend_img/players/0.jpg','COL. 13','MEDIO CAMPO','PUBLICA'),(539,'CASTRO','JUAN','46035080','2006-01-02',37,'img/frontend_img/players/0.jpg','PUBLICA','MEDIO CAMPO','PUBLICA'),(540,'MOLINA','JORGE','47937069','2006-04-26',37,'img/frontend_img/players/0.jpg','PUBLICA','DELANTERO','PUBLICA'),(541,'PRESTIPINO','BRUNO','46929991','2006-02-16',37,'img/frontend_img/players/0.jpg','SAN ROMAN','DELANTERO','ASUMLAR'),(542,'VEGA','RODRIGO','46595232','2005-07-13',37,'img/frontend_img/players/0.jpg','PUBLICA','MEDIO CAMPO','PUBLICA'),(543,'ANDRADA','RODRIGO','46457275','2005-02-13',37,'img/frontend_img/players/0.jpg','COL. 19','MEDIO CAMPO','RED S.M'),(544,'SORIA','MATEO','46723745','2005-07-09',37,'img/frontend_img/players/0.jpg','PUBLICA','DEFENSA','PUBLICA'),(545,'DIAZ TOLEDO','MAXIMILIANO','48319835','2008-06-02',22,'img/frontend_img/players/0.jpg','PUBLICA','DELANTERO','PUBLICA'),(546,'HERRERA CABRERA','THIAGO','49684659','2009-07-13',17,'img/frontend_img/players/0.jpg','PUBLICA','MEDIO CAMPO','PUBLICA'),(547,'HERRERA CABRERA','THIAGO','46684659','2009-07-13',16,'img/frontend_img/players/0.jpg','PUBLICA','MEDIO CAMPO','PUBLICA'),(548,'BARRERA','JOSE GABRIEL','48153483','2007-09-10',3,'img/frontend_img/players/0.jpg','HUMBERTO PEREYRA','MEDIO CAMPO','APOS'),(551,'DE LA PUENTE','ADRIEL MISAIAS','46411366','2005-02-24',37,'img/frontend_img/players/0.jpg','PUBLICA','MEDIO CAMPO','PUBLICA'),(558,'REYNOSO SANCHEZ','AXEL','47971727','2007-06-15',3,'img/frontend_img/players/0.jpg','J.M FANGIO','MEDIO CAMPO','PUBLICA'),(560,'RAMIREZ','JUAN PABLO','48273789','2008-02-10',22,'img/frontend_img/players/0.jpg','PUBLICA','DELANTERO','PUBLICA'),(561,'MIRANDAY','MARIANO','48320667','2008-04-10',22,'img/frontend_img/players/0.jpg','PUBLICA','MEDIO CAMPO','PUBLICA'),(563,'SORIA','DAMIAN','48557675','2008-07-24',22,'img/frontend_img/players/0.jpg','PUBLICA','DELANTERO','PUBLICA'),(564,'ARANCIBIA','DARIO','48273940','2008-07-11',22,'img/frontend_img/players/0.jpg','PUBLICA','DELANTERO','PUBLICA'),(565,'DIAZ','CARLOS URIEL','48319501','2008-02-16',22,'img/frontend_img/players/0.jpg','PUBLICA','DEFENSA','PUBLICA'),(566,'VERA','TISIANO JESUS','48273463','2008-02-06',22,'img/frontend_img/players/0.jpg','PUBLICA','DEFENSA','PUBLICA'),(567,'LENCINAS','LEANDRO','48213192','2008-02-20',22,'img/frontend_img/players/0.jpg','PUBLICA','DELANTERO','PUBLICA'),(569,'NIETO','LEONEL BENJAMIN','46788505','2005-08-16',43,'img/frontend_img/players/0.jpg','PUBLICA','MEDIO CAMPO','PUBLICA'),(570,'RAMIREZ','LUCIANO AGUSTIN','4678905','2005-12-04',43,'img/frontend_img/players/0.jpg','PUBLICA','DELANTERO','PUBLICA'),(572,'ORTIZ','MATIAS NICOLAS|','48272656','2007-11-19',3,'img/frontend_img/players/0.jpg','PUBLICA','ARQUERO','PUBLICA'),(574,'TORRES','SANTIAGO','51303166','2011-11-25',6,'img/frontend_img/players/0.jpg','COL.27','MEDIO CAMPO','SI'),(575,'RAMOS','THIAGO DARIO','47972118','2008-01-14',4,'img/frontend_img/players/0.jpg','PUBLICA','DELANTERO','PUBLICA'),(578,'INSAURRALDE','JUAN PABLO','46536116','2005-03-02',19,'img/frontend_img/players/0.jpg','PUBLICA','DELANTERO','PUBLICA'),(580,'HERRERA CABRERA','BRUCE','49214982','2009-01-16',16,'img/frontend_img/players/0.jpg','PUBLICA','MEDIO CAMPO','PUBLICA'),(584,'FERREYRA','MATEO AGUSTIN','50918428','2011-03-09',18,'img/frontend_img/players/0.jpg','PUBLICA','DEFENSA','PUBLICA'),(588,'ROMERO GOMEZ','LUIS LEANDRO','50918383','2011-03-18',48,'img/frontend_img/players/0.jpg','PUBLICA','MEDIO CAMPO','PUBLICA'),(591,'PAZ','JOAQUIN','50087286','2009-11-28',47,'img/frontend_img/players/0.jpg','PUBLICA','DEFENSA','PUBLICA'),(592,'SANCHEZ AGUIRRE','MANUEL','47045724','2006-08-12',2,'img/frontend_img/players/0.jpg','PUBLICA','DELANTERO','PUBLICA'),(598,'ORTIZ','ESTEBAN','47462001','2006-07-26',2,'img/frontend_img/players/0.jpg','PUBLICA','MEDIO CAMPO','PUBLICA'),(599,'MOLINA RAMOS','ANGEL URIEL','48407878','2008-07-16',46,'img/frontend_img/players/0.jpg','PUBLICA','MEDIO CAMPO','PUBLICA'),(600,'ROMERO','BENJAMIN','46411385','2005-02-28',19,'img/frontend_img/players/0.jpg','PUBLICA','MEDIO CAMPO','PUBLICA'),(601,'QUINTERO','BAUTISTA','50087099','2010-04-16',41,'img/frontend_img/players/0.jpg','PIO XII','DELANTERO','APOS'),(602,'AGUERO','CARLOS GERMAN','46457058','2005-01-23',1,'img/frontend_img/players/0.jpg','PUBLICA','MEDIO CAMPO','PUBLICA'),(604,'LUNA','LEANDRO D.','47971758','2007-07-06',3,'img/frontend_img/players/0.jpg','PUBLICA','MEDIO CAMPO','PUBLICA'),(605,'AGUERO','GERONIMO SANTINO','52513860','2013-06-03',36,'img/frontend_img/players/0.jpg','PUBLICA','MEDIO CAMPO','PUBLICA'),(606,'CONTRERAS','FRANCO NICOLAS','47045543','2006-04-24',44,'img/frontend_img/players/0.jpg','PUBLICA','DELANTERO','PUBLICA'),(607,'MALDONADO VERON','MATEO SIMON','47937377','2007-06-16',37,'img/frontend_img/players/0.jpg','PUBLICA','ARQUERO','PUBLICA'),(608,'GACETUA','JOEL','46614833','2005-04-18',19,'img/frontend_img/players/0.jpg','PUBLICA','DELANTERO','PUBLICA'),(609,'VERA VERGARA','LUCAS URIEL','47045336','2006-02-17',20,'img/frontend_img/players/0.jpg','PUBLICA','MEDIO CAMPO','PUBLICA'),(610,'OCAMPO SAYAVEDRA','JUAN .I.','49779525','2009-08-08',23,'img/frontend_img/players/0.jpg','PUBLICA','DEFENSA','PUBLICA'),(611,'PARISI','THIAGO B.','49129705','2008-12-19',4,'img/frontend_img/players/0.jpg','HUMBERTO PEREYRA','MEDIO CAMPO','BOREAL'),(612,'CARRIZO SAAVEDRA','ALEXIS H.','49129531','2008-12-16',40,'img/frontend_img/players/0.jpg','PUBLICA','MEDIO CAMPO','PUBLICA'),(613,'RODRIGUEZ','MARTIN','46614948','2005-05-12',19,'img/frontend_img/players/0.jpg','PUBLICA','MEDIO CAMPO','PUBLICA'),(614,'PONCE','JUAN J.','47243041','2006-07-24',37,'img/frontend_img/players/0.jpg','TIMOTEO GORDILLO','MEDIO CAMPO','OSCERA'),(616,'MONDACA','SERGIO JOAQUIN','49129514','2008-09-05',4,'img/frontend_img/players/0.jpg','PUBLICA','MEDIO CAMPO','PUBLICA'),(617,'ROMERO','MELANI','48320397','2008-03-24',4,'img/frontend_img/players/0.jpg','PUBLICA','DELANTERA','PUBLICA'),(618,'BUSTOS','AXEL','49873404','2009-06-06',4,'img/frontend_img/players/0.jpg','PUBLICA','MEDIO CAMPO','PUBLICA'),(619,'VEGA','LAUTARO AGUSTÍN','49096622','2008-01-31',22,'img/frontend_img/players/0.jpg','PÚBLICA','S/D','PÚBLICA'),(620,'ORMEÑO','ALVARO','46985517','2006-01-28',20,'img/frontend_img/players/0.jpg','PUBLICA','ARQUERO','PUBLICA'),(621,'LUNA BARRETO','FRANCO','48273772','2008-01-08',16,'img/frontend_img/players/0.jpg','PUBLICA','MEDIO CAMPO','PUBLICA'),(622,'BAZAN OVIEDO','SANTINO','48489396','2008-04-01',22,'img/frontend_img/players/0.jpg','PUBLICA','DELANTERO','PUBLICA'),(623,'LOBOS','IGNACIO','48273109','2007-09-06',15,'img/frontend_img/players/0.jpg','PUBLICA','DEFENSA','PUBLICA'),(624,'VEGA','TOBIAS MANUEL','47045996','2006-04-23',14,'img/frontend_img/players/0.jpg','NORMAL','DELANTERO','PUBLICA'),(625,'ARGAÑARAS','BENJAMIN L','47972382','2007-07-16',3,'img/frontend_img/players/0.jpg','MONSEÑOR ANGELELLI','DEFENSA','PUBLICA'),(626,'MOYANO','ARON G.','48272687','2007-11-28',3,'img/frontend_img/players/0.jpg','BERNARDINO RIVADAVIA','DELANTERO','PUBLICA'),(627,'BARRERA','BENJAMIN','48319581','2008-02-12',4,'img/frontend_img/players/0.jpg','PUBLICA','MEDIO CAMPO','PUBLICA'),(628,'ROSS','TIZIANA','49215459','2008-07-11',4,'img/frontend_img/players/0.jpg','PUBLICA','DELANTERA','PUBLICA'),(629,'FERNANDEZ','ANGEL U.','48624083','2007-09-15',3,'img/frontend_img/players/0.jpg','HUMBERTO PEREYRA','DEFENSA','PUBLICA'),(631,'MENAS','LUCAS','50087568','2010-02-23',47,'img/frontend_img/players/0.jpg','PUBLICA','DELANTERO','PUBLICA'),(632,'LUCERO','BENJAMIN','51384622','2011-08-23',48,'img/frontend_img/players/0.jpg','PUBLICA','DEFENSA','PUBLICA'),(633,'SANCHEZ','MARCOS','50855480','2011-02-02',48,'img/frontend_img/players/0.jpg','PUBLICA','DELANTERO','PUBLICA'),(634,'CALIVA','THIAGO','52049137','2011-12-17',48,'img/frontend_img/players/0.jpg','PUBLICA','MEDIO CAMPO','PUBLICA'),(639,'GAETAN PIZARRO','LEONARDO A.','52177664','2012-04-15',24,'img/frontend_img/players/0.jpg','PUBLICA','MEDIO CAMPO','PUBLICA'),(640,'VERA','JOAQUIN','48489910','2008-05-27',34,'img/frontend_img/players/0.jpg','PUBLICA','DELANTERO','PUBLICA'),(641,'GONZALEZ','THIAGO','46536134','2005-03-03',31,'img/frontend_img/players/0.jpg','PUBLICA','DEFENSA','PUBLICA'),(642,'ROMERO','DARIO','46985440','2005-11-28',31,'img/frontend_img/players/0.jpg','PUBLICA','MEDIO CAMPO','PUBLICA'),(643,'SOSA','ALFREDO','46869861','2005-07-29',31,'img/frontend_img/players/0.jpg','PUBLICA','DELANTERO','PUBLICA'),(644,'VERON','YAMIL','46985909','2006-01-27',32,'img/frontend_img/players/0.jpg','PUBLICA','MEDIO CAMPO','PUBLICA'),(645,'MAZZARELLI','GIULIANO','50007118','2010-01-20',35,'img/frontend_img/players/0.jpg','PUBLICA','DELANTERO','PUBLICA'),(646,'MANZANO','JOSE J.','46985971','2006-02-06',32,'img/frontend_img/players/0.jpg','PUBLICA','DEFENSA','PUBLICA'),(647,'FERNANDEZ','MAXIMILIANO A.','46457237','2005-01-07',43,'img/frontend_img/players/0.jpg','PUBLICA','MEDIO CAMPO','PUBLICA'),(648,'ALVAREZ','LISANDRO Y.','46723444','2005-05-27',37,'img/frontend_img/players/0.jpg','DANTE ALEGIERI','DEFENSA','PUBLICA'),(649,'HERRERA','BENJAMIN J.','49129821','2009-01-08',47,'img/frontend_img/players/0.jpg','PUBLICA','DELANTERO','PUBLICA'),(650,'PENTUCHI','MATEO B.','49937420','2009-12-30',47,'img/frontend_img/players/0.jpg','PUBLICA','DELANTERO','PUBLICA'),(651,'MAZZARELLI HERRERA','SANTINO Y.','50579228','2010-12-31',47,'img/frontend_img/players/0.jpg','PUBLICA','DEFENSA','PUBLICA'),(652,'JAIME ALVAREZ','CHRISTIAN D.E','51109203','2011-04-04',48,'img/frontend_img/players/0.jpg','PUBLICA','DELANTERO','PUBLICA'),(653,'RUARTES TORRES','DAMIAN J.N','49779597','2009-08-22',47,'img/frontend_img/players/0.jpg','PUBLICA','MEDIO CAMPO','PUBLICA'),(654,'RUARTES TORRES','NAOMI N.','51384635','2011-09-20',48,'img/frontend_img/players/0.jpg','PUBLICA','MEDIO CAMPO','PUBLICA'),(655,'MENDEZ','GINO S.','48407730','2008-05-03',40,'img/frontend_img/players/0.jpg','PUBLICA','MEDIO CAMPO','PUBLICA'),(656,'VILLALVA','IAN A.','52177081','2012-04-27',24,'img/frontend_img/players/0.jpg','PUBLICA','DEFENSA','PUBLICA'),(657,'PAEZ','ALEJANDRO G.','46535730','2005-02-04',37,'img/frontend_img/players/0.jpg','PUBLICA','DELANTERO','PUBLICA'),(658,'BAZAN','ANGEL E.','48407436','2008-04-14',40,'img/frontend_img/players/0.jpg','PUBLICA','DELANTERO','PUBLICA'),(659,'CAVANAY T.','TIAGO M.','48489976','2008-04-23',40,'img/frontend_img/players/0.jpg','PUBLICA','DEFENSA','PUBLICA'),(660,'SANCHEZ','THIAGO R.B','48557923','2008-11-06',46,'img/frontend_img/players/0.jpg','PUBLICA','MEDIO CAMPO','PUBLICA'),(661,'BULACIO','CRISTIAN E.','47242658','2005-11-13',1,'img/frontend_img/players/0.jpg','PUBLICA','DEFENSA','PUBLICA'),(662,'FLORES','BENJAMIN','48273570','2008-01-22',4,'img/frontend_img/players/0.jpg','PUBLICA','MEDIO CAMPO','PUBLICA'),(663,'ANDRADA I.','MAXIMILIANO E.','46536137','2005-03-16',37,'img/frontend_img/players/0.jpg','PUBLICA','DELANTERO','PUBLICA'),(664,'MORENO','GASTON A.','49285589','2009-03-26',5,'img/frontend_img/players/0.jpg','PUBLICA','DELANTERO','PUBLICA'),(665,'MORENO','AYRON I.','50855060','2010-12-21',5,'img/frontend_img/players/0.jpg','PUBLICA','MEDIO CAMPO','PUBLICA'),(666,'BARRAZA','VALENTINO','50578629','2010-11-19',5,'img/frontend_img/players/0.jpg','PUBLICA','DEFENSA','PUBLICA'),(667,'RUARTES R.','NAHUM A.','49937461','2010-02-02',5,'img/frontend_img/players/0.jpg','COL. 177 M.MORENO','DEFENSA','PUBLICA'),(668,'PONCE A.','IVAN I.','49334092','2009-05-11',5,'img/frontend_img/players/0.jpg','PUBLICA','MEDIO CAMPO','PUBLICA'),(669,'CORZO','RAMIRO B.','50446585','2010-12-26',5,'img/frontend_img/players/0.jpg','M.ANGELELLI','MEDIO CAMPO','PUBLICA'),(670,'VARGAS','LISANDRO B.','51302907','2011-07-29',6,'img/frontend_img/players/0.jpg','TIMOTEO GORDILLO','DELANTERO','PUBLICA'),(671,'CORNEJO','ALEXIS S.','49936654','2010-02-25',5,'img/frontend_img/players/0.jpg','J.J PASO','DELANTERO','PUBLICA'),(672,'VILLAFEÑE H.','BAUTISTA I','46985497','2006-01-13',44,'img/frontend_img/players/0.jpg','PUBLICA','MEDIO CAMPO','PUBLICA'),(673,'ROLDAN','ISAIAS','52177121','2012-02-11',42,'img/frontend_img/players/0.jpg','PUBLICA','DEFENSA','PUBLICA');
/*!40000 ALTER TABLE `players` ENABLE KEYS */;
UNLOCK TABLES;

--
-- Table structure for table `posts`
--

DROP TABLE IF EXISTS `posts`;
/*!40101 SET @saved_cs_client     = @@character_set_client */;
/*!40101 SET character_set_client = utf8 */;
CREATE TABLE `posts` (
  `id` bigint(20) unsigned NOT NULL AUTO_INCREMENT,
  `user_id` int(11) NOT NULL,
  `body` varchar(2000) COLLATE utf8mb4_unicode_ci NOT NULL,
  `title` varchar(60) COLLATE utf8mb4_unicode_ci NOT NULL,
  `path_file` varchar(191) COLLATE utf8mb4_unicode_ci DEFAULT NULL,
  `created_at` timestamp NULL DEFAULT NULL,
  `updated_at` timestamp NULL DEFAULT NULL,
  PRIMARY KEY (`id`)
) ENGINE=InnoDB AUTO_INCREMENT=5 DEFAULT CHARSET=utf8mb4 COLLATE=utf8mb4_unicode_ci;
/*!40101 SET character_set_client = @saved_cs_client */;

--
-- Dumping data for table `posts`
--

LOCK TABLES `posts` WRITE;
/*!40000 ALTER TABLE `posts` DISABLE KEYS */;
INSERT INTO `posts` VALUES (1,3,'La violencia en el fútbol suele ser moneda corriente y el desvelo de muchos que desean erradicarla de una vez por todas. El clima de extrema competitividad que generalmente se genera, es donde muchos entrenadores, padres o familiares, viven con pasión desmedida el desarrollo de los partidos. En este caso, debemos serenarnos y trasmitirles a los niños que solo deben considerar al otro equipo como un rival dentro del campo de juego y concentrar nuestros esfuerzos en un futuro mejor para nuestros hijos. Desde nuestra Asociación, levantamos la bandera de la importancia de un tercer tiempo, en donde todos los chicos puedan compartir y sepan que un espectáculo deportivo, es un canal de expresión en donde podemos competir y anhelar ganar los partidos, pero deseando aún con mayor fervor una sociedad más justa y en paz.','Rivales deportivos, no enemigos','https://scontent.firj1-1.fna.fbcdn.net/v/t1.0-9/49265717_2194395864210831_5266974736465788928_n.jpg?_nc_cat=106&_nc_ht=scontent.firj1-1.fna&oh=ee98f894e9a4d835e533655d0a500458&oe=5D2BC6E8','2019-05-09 00:00:00','2019-06-08 11:23:01'),(2,3,'El 15 y 16 de septiembre del año pasado, se llevó a cabo en las instalaciones de F5, el 1º Torneo Regional de Baby Fútbol (categoría 2006) denominado \"Franco Mayorga\". Este importante certamen deportivo, contó con la participación de 20 equipos, no solo de la ciudad capital, sino también del interior de nuestra provincia. Cabe destacar, que fueron premiados con una medalla cada uno de los niños participantes, y claro está, también recibieron sus trofeos quienes se consagraron campeones tanto en la Copa de Oro, como la Copa de Plata, y los conjuntos que terminaron en 2º, 3º y 4º puesto. Sin lugar a dudas, fue un evento de gran magnitud, que colmó ampliamente las expectativas de los jugadores, entrenadores, publico en general, y los organizadores, la Asociación Riojana de Baby Fútbol Infantil.','1º Regional de Baby Fútbol','https://scontent.firj1-1.fna.fbcdn.net/v/t1.0-9/41869832_2129983327318752_1222257863200604160_n.jpg?_nc_cat=104&_nc_ht=scontent.firj1-1.fna&oh=9dc6618a9fee7a4592cbc18cd11bd404&oe=5D602185','2019-05-09 00:00:00','2019-06-08 11:24:01'),(3,3,'Hace más de 8 años, Nicolás Peralta, presidente de A.R.B.F.I, comenzaba a dar los primeros pasos con está asociación para convertirse así en el pionero del Baby Fútbol en La Rioja. Desde esa época y hasta la actualidad, trabaja incansablemente y con el mismo entusiasmo de siempre. Hace malabares para repartir su tiempo entre su familia, el trabajo y esta tarea que tanto lo apasiona, el fútbol infantil. Luego de una vasta trayectoria no solo como jugador en inferiores sino también como instructor de fútbol en el partido de 3 de Febrero (Bs. As.), destacó con emoción que “cuando retorne a mi provincia, decidí continuar con mi pasión por este deporte, con el apoyo de mi familia y de mis hijos Ezequiel y Agustín, y este último fue la razón que me llevó a fundar esta fantástica liga en el 2011 y dar así el puntapié inicial”. Así que “Nico”, tal como la mayoría lo conoce, desde nuestra lugar queremos felicitarte y a seguir adelante con más fuerzas que nunca.','El pionero del Baby Fútbol','https://scontent.firj1-1.fna.fbcdn.net/v/t1.0-9/41977897_2129983803985371_1014072118234578944_n.jpg?_nc_cat=106&_nc_ht=scontent.firj1-1.fna&oh=ab1136089964ae3cf170013b87c79234&oe=5D61F7EA','2019-05-09 00:00:00','2019-06-08 11:24:50'),(4,3,'Cuando comienza a rodar una pelota por el campo de juego, detrás de ella se agolpan miles de ilusiones. En La Rioja, con el correr de los años, se han multiplicado las escuelitas de fútbol, con el afán de brindarle a tantos niños un lugar de contención y recreación. Además de entrenar, se transmiten valores como la constancia, el sacrificio, la disciplina, el espíritu de superación, el compañerismo, la solidaridad, entre tantas otras cosas. Así mismo, no es ninguna novedad que en los clubes que participan del Baby fútbol, los entrenadores, delegados y padres reparten su tiempo entre sus actividades privadas y la colaboración a la institución donde sus pequeños hijos juegan, aprenden, y comparten. Por tal motivo, debemos dar el ejemplo de que el fútbol es un juego, en donde los niños puedan lograr vencer la presión y trabajar en equipo, en donde aprendan que los rivales son compañeros con quienes jugar y que lo mas importante es divertirse y no tan solo ganar.','El fútbol también educa y forma niños','https://scontent.firj1-1.fna.fbcdn.net/v/t1.0-9/47322328_2176877125962705_7685243982145650688_n.jpg?_nc_cat=107&_nc_ht=scontent.firj1-1.fna&oh=ec032c0f7e0aea8587bab0c25756c9a4&oe=5D304DCF','2019-05-09 00:00:00','2019-06-08 11:25:33');
/*!40000 ALTER TABLE `posts` ENABLE KEYS */;
UNLOCK TABLES;

--
-- Table structure for table `roles`
--

DROP TABLE IF EXISTS `roles`;
/*!40101 SET @saved_cs_client     = @@character_set_client */;
/*!40101 SET character_set_client = utf8 */;
CREATE TABLE `roles` (
  `id` int(10) unsigned NOT NULL AUTO_INCREMENT,
  `role` varchar(191) COLLATE utf8mb4_unicode_ci NOT NULL,
  `created_at` timestamp NULL DEFAULT NULL,
  `updated_at` timestamp NULL DEFAULT NULL,
  PRIMARY KEY (`id`)
) ENGINE=InnoDB DEFAULT CHARSET=utf8mb4 COLLATE=utf8mb4_unicode_ci;
/*!40101 SET character_set_client = @saved_cs_client */;

--
-- Dumping data for table `roles`
--

LOCK TABLES `roles` WRITE;
/*!40000 ALTER TABLE `roles` DISABLE KEYS */;
/*!40000 ALTER TABLE `roles` ENABLE KEYS */;
UNLOCK TABLES;

--
-- Table structure for table `sanctions`
--

DROP TABLE IF EXISTS `sanctions`;
/*!40101 SET @saved_cs_client     = @@character_set_client */;
/*!40101 SET character_set_client = utf8 */;
CREATE TABLE `sanctions` (
  `id` int(10) unsigned NOT NULL AUTO_INCREMENT,
  `player_id` int(11) NOT NULL,
  `reason` varchar(191) COLLATE utf8mb4_unicode_ci NOT NULL,
  `number_matches` int(11) NOT NULL,
  `created_at` timestamp NULL DEFAULT NULL,
  `updated_at` timestamp NULL DEFAULT NULL,
  PRIMARY KEY (`id`)
) ENGINE=InnoDB DEFAULT CHARSET=utf8mb4 COLLATE=utf8mb4_unicode_ci;
/*!40101 SET character_set_client = @saved_cs_client */;

--
-- Dumping data for table `sanctions`
--

LOCK TABLES `sanctions` WRITE;
/*!40000 ALTER TABLE `sanctions` DISABLE KEYS */;
/*!40000 ALTER TABLE `sanctions` ENABLE KEYS */;
UNLOCK TABLES;

--
-- Table structure for table `subsections`
--

DROP TABLE IF EXISTS `subsections`;
/*!40101 SET @saved_cs_client     = @@character_set_client */;
/*!40101 SET character_set_client = utf8 */;
CREATE TABLE `subsections` (
  `id` bigint(20) unsigned NOT NULL AUTO_INCREMENT,
  `name` varchar(191) COLLATE utf8mb4_unicode_ci NOT NULL,
  `body` varchar(500) COLLATE utf8mb4_unicode_ci NOT NULL,
  `article_id` int(11) NOT NULL,
  `created_at` timestamp NULL DEFAULT NULL,
  `updated_at` timestamp NULL DEFAULT NULL,
  PRIMARY KEY (`id`)
) ENGINE=InnoDB AUTO_INCREMENT=2 DEFAULT CHARSET=utf8mb4 COLLATE=utf8mb4_unicode_ci;
/*!40101 SET character_set_client = @saved_cs_client */;

--
-- Dumping data for table `subsections`
--

LOCK TABLES `subsections` WRITE;
/*!40000 ALTER TABLE `subsections` DISABLE KEYS */;
INSERT INTO `subsections` VALUES (1,'A)','“La  honestidad es el primer capítulo del libro de la sabiduría.”\r\nThomas Jefferson',77,'2019-06-12 02:56:05','2019-06-12 02:56:05');
/*!40000 ALTER TABLE `subsections` ENABLE KEYS */;
UNLOCK TABLES;

--
-- Table structure for table `teams`
--

DROP TABLE IF EXISTS `teams`;
/*!40101 SET @saved_cs_client     = @@character_set_client */;
/*!40101 SET character_set_client = utf8 */;
CREATE TABLE `teams` (
  `id` int(10) unsigned NOT NULL AUTO_INCREMENT,
  `manager_id` int(11) NOT NULL,
  `category_id` int(11) NOT NULL,
  `club_id` int(11) NOT NULL,
  PRIMARY KEY (`id`)
) ENGINE=InnoDB AUTO_INCREMENT=49 DEFAULT CHARSET=utf8mb4 COLLATE=utf8mb4_unicode_ci;
/*!40101 SET character_set_client = @saved_cs_client */;

--
-- Dumping data for table `teams`
--

LOCK TABLES `teams` WRITE;
/*!40000 ALTER TABLE `teams` DISABLE KEYS */;
INSERT INTO `teams` VALUES (1,1,1,1),(2,1,2,1),(3,1,3,1),(4,1,4,1),(5,1,5,1),(6,1,6,1),(13,1,1,3),(14,1,2,3),(15,1,3,3),(16,1,4,3),(17,1,5,3),(18,1,6,3),(19,1,1,4),(20,1,2,4),(21,1,3,4),(22,1,4,4),(23,1,5,4),(24,1,6,4),(31,1,1,6),(32,1,2,6),(33,1,3,6),(34,1,4,6),(35,1,5,6),(36,1,6,6),(37,1,1,7),(38,1,2,7),(39,1,3,7),(40,1,4,7),(41,1,5,7),(42,1,6,7),(43,1,1,8),(44,1,2,8),(45,1,3,8),(46,1,4,8),(47,1,5,8),(48,1,6,8);
/*!40000 ALTER TABLE `teams` ENABLE KEYS */;
UNLOCK TABLES;

--
-- Table structure for table `tournament_types`
--

DROP TABLE IF EXISTS `tournament_types`;
/*!40101 SET @saved_cs_client     = @@character_set_client */;
/*!40101 SET character_set_client = utf8 */;
CREATE TABLE `tournament_types` (
  `id` int(10) unsigned NOT NULL AUTO_INCREMENT,
  `type` varchar(191) COLLATE utf8mb4_unicode_ci NOT NULL,
  `round_trip` tinyint(1) NOT NULL,
  PRIMARY KEY (`id`)
) ENGINE=InnoDB AUTO_INCREMENT=3 DEFAULT CHARSET=utf8mb4 COLLATE=utf8mb4_unicode_ci;
/*!40101 SET character_set_client = @saved_cs_client */;

--
-- Dumping data for table `tournament_types`
--

LOCK TABLES `tournament_types` WRITE;
/*!40000 ALTER TABLE `tournament_types` DISABLE KEYS */;
INSERT INTO `tournament_types` VALUES (1,'AAA',0),(2,'AAA',1);
/*!40000 ALTER TABLE `tournament_types` ENABLE KEYS */;
UNLOCK TABLES;

--
-- Table structure for table `tournaments`
--

DROP TABLE IF EXISTS `tournaments`;
/*!40101 SET @saved_cs_client     = @@character_set_client */;
/*!40101 SET character_set_client = utf8 */;
CREATE TABLE `tournaments` (
  `id` int(10) unsigned NOT NULL AUTO_INCREMENT,
  `name` varchar(191) COLLATE utf8mb4_unicode_ci NOT NULL,
  `type_id` int(11) NOT NULL,
  `created_at` timestamp NULL DEFAULT NULL,
  `updated_at` timestamp NULL DEFAULT NULL,
  PRIMARY KEY (`id`)
) ENGINE=InnoDB AUTO_INCREMENT=9 DEFAULT CHARSET=utf8mb4 COLLATE=utf8mb4_unicode_ci;
/*!40101 SET character_set_client = @saved_cs_client */;

--
-- Dumping data for table `tournaments`
--

LOCK TABLES `tournaments` WRITE;
/*!40000 ALTER TABLE `tournaments` DISABLE KEYS */;
INSERT INTO `tournaments` VALUES (3,'\"TORNEO REGULAR  2019 SERGIO CASAS DIP. NACIONAL\"',2,NULL,NULL),(4,'SUPER COPA DE CAMPEONES',1,NULL,NULL),(5,'RE COPAS',1,NULL,NULL),(6,'TORNEO REGIONAL',1,NULL,NULL),(7,'TORNEO FUTURO',2,NULL,NULL),(8,'TORNEO NACIONAL',1,NULL,NULL);
/*!40000 ALTER TABLE `tournaments` ENABLE KEYS */;
UNLOCK TABLES;

--
-- Table structure for table `users`
--

DROP TABLE IF EXISTS `users`;
/*!40101 SET @saved_cs_client     = @@character_set_client */;
/*!40101 SET character_set_client = utf8 */;
CREATE TABLE `users` (
  `id` int(10) unsigned NOT NULL AUTO_INCREMENT,
  `username` varchar(191) COLLATE utf8mb4_unicode_ci NOT NULL,
  `password` varchar(191) COLLATE utf8mb4_unicode_ci NOT NULL,
  `role_id` int(11) NOT NULL,
  `remember_token` varchar(100) COLLATE utf8mb4_unicode_ci DEFAULT NULL,
  `created_at` timestamp NULL DEFAULT NULL,
  `updated_at` timestamp NULL DEFAULT NULL,
  PRIMARY KEY (`id`),
  UNIQUE KEY `users_username_unique` (`username`)
) ENGINE=InnoDB AUTO_INCREMENT=4 DEFAULT CHARSET=utf8mb4 COLLATE=utf8mb4_unicode_ci;
/*!40101 SET character_set_client = @saved_cs_client */;

--
-- Dumping data for table `users`
--

LOCK TABLES `users` WRITE;
/*!40000 ALTER TABLE `users` DISABLE KEYS */;
INSERT INTO `users` VALUES (1,'nperalta','$2y$10$mhWFyL01zdMhuRhsNO6e3OG0VayX9F3/k/wmcjujssI7GHgYMVpk6',1,NULL,'2019-05-17 03:29:44','2019-05-17 03:29:44'),(2,'msantillan','$2y$10$4iskSAAJ3xnWrpFwSAQ8OOFXa0Pp2u5FVFNR4kG3qbBSiMLCqW2AK',1,NULL,'2019-05-17 05:13:48','2019-05-17 05:13:48'),(3,'jgarcia','$2y$10$mXv56u8jclast1.GTFz7YemFj2nxllPtaqELxvJJ09Rv8hkgPvdHW',1,NULL,'2019-05-17 05:15:15','2019-07-23 19:46:09');
/*!40000 ALTER TABLE `users` ENABLE KEYS */;
UNLOCK TABLES;
/*!40103 SET TIME_ZONE=@OLD_TIME_ZONE */;

/*!40101 SET SQL_MODE=@OLD_SQL_MODE */;
/*!40014 SET FOREIGN_KEY_CHECKS=@OLD_FOREIGN_KEY_CHECKS */;
/*!40014 SET UNIQUE_CHECKS=@OLD_UNIQUE_CHECKS */;
/*!40101 SET CHARACTER_SET_CLIENT=@OLD_CHARACTER_SET_CLIENT */;
/*!40101 SET CHARACTER_SET_RESULTS=@OLD_CHARACTER_SET_RESULTS */;
/*!40101 SET COLLATION_CONNECTION=@OLD_COLLATION_CONNECTION */;
/*!40111 SET SQL_NOTES=@OLD_SQL_NOTES */;

-- Dump completed on 2019-09-16  7:57:0